-- phpMyAdmin SQL Dump
-- version 4.7.0
-- https://www.phpmyadmin.net/
--
-- Host: 127.0.0.1
-- Generation Time: 23 Mei 2021 pada 15.44
-- Versi Server: 10.1.25-MariaDB
-- PHP Version: 5.6.31

SET SQL_MODE = "NO_AUTO_VALUE_ON_ZERO";
SET AUTOCOMMIT = 0;
START TRANSACTION;
SET time_zone = "+00:00";


/*!40101 SET @OLD_CHARACTER_SET_CLIENT=@@CHARACTER_SET_CLIENT */;
/*!40101 SET @OLD_CHARACTER_SET_RESULTS=@@CHARACTER_SET_RESULTS */;
/*!40101 SET @OLD_COLLATION_CONNECTION=@@COLLATION_CONNECTION */;
/*!40101 SET NAMES utf8mb4 */;

--
-- Database: `gis_projek`
--

-- --------------------------------------------------------

--
-- Struktur dari tabel `t_jagung`
--

CREATE TABLE `t_jagung` (
  `Id_Wilayah` varchar(5) CHARACTER SET latin1 DEFAULT NULL,
  `ID` varchar(4) CHARACTER SET latin1 DEFAULT NULL,
  `Id_Jenis` varchar(4) CHARACTER SET latin1 DEFAULT NULL,
  `Tahun` int(4) DEFAULT NULL,
  `Luas_Lahan_Tanam` varchar(7) DEFAULT NULL,
  `Luas_Aktivitas_Tanam` int(6) DEFAULT NULL,
  `Jumlah_Produktivitas` varchar(11) DEFAULT NULL,
  `Rata_Rata_Produktivitas_Produk` varchar(8) DEFAULT NULL,
  `Rata_Rata_Produktivitas_Lahan` varchar(10) DEFAULT NULL
) ENGINE=InnoDB DEFAULT CHARSET=utf8;

--
-- Dumping data untuk tabel `t_jagung`
--

INSERT INTO `t_jagung` (`Id_Wilayah`, `ID`, `Id_Jenis`, `Tahun`, `Luas_Lahan_Tanam`, `Luas_Aktivitas_Tanam`, `Jumlah_Produktivitas`, `Rata_Rata_Produktivitas_Produk`, `Rata_Rata_Produktivitas_Lahan`) VALUES
('JT001', 'MG01', 'JN02', 2019, '91', 109, '0', '0', '1.1978'),
('JT001', 'MG02', 'JN02', 2019, '308', 209, '0', '0', '0.6786'),
('JT001', 'MG03', 'JN02', 2019, '181', 181, '0', '0', '1.0000'),
('JT001', 'MG04', 'JN02', 2019, '88', 93, '0', '0', '1.0568'),
('JT001', 'MG05', 'JN02', 2019, '250', 250, '0', '0', '1.0000'),
('JT001', 'MG06', 'JN02', 2019, '106', 39, '0', '0', '0.3679'),
('JT001', 'MG07', 'JN02', 2019, '31', 31, '0', '0', '1.0000'),
('JT001', 'MG08', 'JN02', 2019, '22', 27, '0', '0', '1.2273'),
('JT001', 'MG09', 'JN02', 2019, '48', 134, '0', '0', '2.7917'),
('JT001', 'MG10', 'JN02', 2019, '223', 375, '0', '0', '1.6816'),
('JT001', 'MG11', 'JN02', 2019, '92', 68, '0', '0', '0.7391'),
('JT001', 'MG12', 'JN02', 2019, '73', 85, '0', '0', '1.1644'),
('JT001', 'MG13', 'JN02', 2019, '186', 138, '0', '0', '0.7419'),
('JT001', 'MG14', 'JN02', 2019, '741', 1161, '0', '0', '1.5668'),
('JT001', 'MG15', 'JN02', 2019, '546', 556, '0', '0', '1.0183'),
('JT001', 'MG16', 'JN02', 2019, '2383', 2179, '0', '0', '0.9144'),
('JT001', 'MG17', 'JN02', 2019, '389', 408, '0', '0', '1.0488'),
('JT001', 'MG18', 'JN02', 2019, '1055', 1120, '0', '0', '1.0616'),
('JT001', 'MG19', 'JN02', 2019, '579', 691, '0', '0', '1.1934'),
('JT001', 'MG20', 'JN02', 2019, '70', 79, '0', '0', '1.1286'),
('JT001', 'MG21', 'JN02', 2019, '40', 167, '0', '0', '4.1750'),
('JT001', 'MG01', 'JN02', 2020, ' 101 ', 96, '0', '0', '0.95'),
('JT001', 'MG02', 'JN02', 2020, ' 387 ', 280, '0', '0', '0.72'),
('JT001', 'MG03', 'JN02', 2020, ' 149 ', 117, '0', '0', '0.79'),
('JT001', 'MG04', 'JN02', 2020, ' 265 ', 135, '0', '0', '0.51'),
('JT001', 'MG05', 'JN02', 2020, ' 72 ', 75, '0', '0', '1.04'),
('JT001', 'MG06', 'JN02', 2020, ' 100 ', 36, '0', '0', '0.36'),
('JT001', 'MG07', 'JN02', 2020, ' 45 ', 38, '0', '0', '0.84'),
('JT001', 'MG08', 'JN02', 2020, ' 22 ', 8, '0', '0', '0.36'),
('JT001', 'MG09', 'JN02', 2020, ' 152 ', 88, '0', '0', '0.58'),
('JT001', 'MG10', 'JN02', 2020, ' 232 ', 156, '0', '0', '0.67'),
('JT001', 'MG11', 'JN02', 2020, ' 33 ', 54, '0', '0', '1.64'),
('JT001', 'MG12', 'JN02', 2020, ' 104 ', 56, '0', '0', '0.54'),
('JT001', 'MG13', 'JN02', 2020, ' 86 ', 186, '0', '0', '2.16'),
('JT001', 'MG14', 'JN02', 2020, ' 514 ', 790, '0', '0', '1.54'),
('JT001', 'MG15', 'JN02', 2020, ' 258 ', 230, '0', '0', '0.89'),
('JT001', 'MG16', 'JN02', 2020, ' 1,539 ', 2163, '0', '0', '1.41'),
('JT001', 'MG17', 'JN02', 2020, ' 456 ', 459, '0', '0', '1.01'),
('JT001', 'MG18', 'JN02', 2020, ' 606 ', 725, '0', '0', '1.20'),
('JT001', 'MG19', 'JN02', 2020, ' 719 ', 312, '0', '0', '0.43'),
('JT001', 'MG20', 'JN02', 2020, ' 429 ', 65, '0', '0', '0.15'),
('JT001', 'MG21', 'JN02', 2020, ' 77 ', 56, '0', '0', '0.73'),
('DIY02', 'SL01', 'JN02', 2019, '0', 0, '0', '0', '0'),
('DIY02', 'SL02', 'JN02', 2019, '0', 0, '0', '0', '0'),
('DIY02', 'SL03', 'JN02', 2019, '0', 174, ' 1,235.00 ', '0', '0'),
('DIY02', 'SL04', 'JN02', 2019, '0', 23, ' 165.10 ', '0', '0'),
('DIY02', 'SL05', 'JN02', 2019, '0', 23, ' 167.20 ', '0', '0'),
('DIY02', 'SL06', 'JN02', 2019, '0', 108, ' 776.62 ', '0', '0'),
('DIY02', 'SL07', 'JN02', 2019, '0', 19, ' 139.08 ', '0', '0'),
('DIY02', 'SL08', 'JN02', 2019, '0', 430, ' 3,144.00 ', '0', '0'),
('DIY02', 'SL09', 'JN02', 2019, '0', 752, ' 548.10 ', '0', '0'),
('DIY02', 'SL10', 'JN02', 2019, '266.97', 265, ' 1,919.01 ', ' 7.1881 ', '0.9918'),
('DIY02', 'SL11', 'JN02', 2019, '0', 646, ' 469.10 ', '0', '0.0000'),
('DIY02', 'SL12', 'JN02', 2019, '5119.9', 519, ' 376.38 ', ' 0.0735 ', '9.8668'),
('DIY02', 'SL13', 'JN02', 2019, '625', 623, ' 452.70 ', ' 0.7243 ', '1.0032'),
('DIY02', 'SL14', 'JN02', 2019, '0', 544, ' 3,955.79 ', '0', '0.0000'),
('DIY02', 'SL15', 'JN02', 2019, '0', 49, ' 344.27 ', '0', '0.0000'),
('DIY02', 'SL16', 'JN02', 2019, '137', 17, ' 972.70 ', ' 7.1000 ', '8.0588'),
('DIY02', 'SL17', 'JN02', 2019, '0', 40, ' 287.00 ', '0', '0.0000'),
('DIY02', 'SL01', 'JN02', 2020, '0', 0, '0', '0', '0'),
('DIY02', 'SL02', 'JN02', 2020, '0', 0, '0', '0', '0'),
('DIY02', 'SL03', 'JN02', 2020, '0', 242, ' 1,716.90 ', '0', '0'),
('DIY02', 'SL04', 'JN02', 2020, '0', 0, '0', '0', '0'),
('DIY02', 'SL05', 'JN02', 2020, '0', 4, ' 28.00 ', '0', '0'),
('DIY02', 'SL06', 'JN02', 2020, '0', 206, ' 13,270.00 ', '0', '0'),
('DIY02', 'SL07', 'JN02', 2020, '0', 0, '0', '0', '0'),
('DIY02', 'SL08', 'JN02', 2020, '0', 0, '0', '0', '0'),
('DIY02', 'SL09', 'JN02', 2020, '0', 0, '0', '0', '0'),
('DIY02', 'SL10', 'JN02', 2020, '0', 0, '0', '0', '0'),
('DIY02', 'SL11', 'JN02', 2020, '0', 60, ' 485.20 ', '0', '0'),
('DIY02', 'SL12', 'JN02', 2020, '504.8', 493, ' 7.25 ', ' 0.01 ', ' 0.98 '),
('DIY02', 'SL13', 'JN02', 2020, '679', 679, ' 468.60 ', ' 0.69 ', ' 1.00 '),
('DIY02', 'SL14', 'JN02', 2020, '0', 466, ' 3,381.00 ', '0', '0'),
('DIY02', 'SL15', 'JN02', 2020, '0', 0, '0', '0', '0'),
('DIY02', 'SL16', 'JN02', 2020, '0', 0, '0', '0', '0'),
('DIY02', 'SL17', 'JN02', 2020, '0', 40, ' 287.00 ', '0', '0'),
('DIY04', 'KP01', 'JN02', 2019, '70', 413, '0', '0', ''),
('DIY04', 'KP02', 'JN02', 2019, '232.4', 1320, '0', '0', ''),
('DIY04', 'KP03', 'JN02', 2019, '493.4', 3005, '0', '0', ''),
('DIY04', 'KP04', 'JN02', 2019, '61.4', 382, '0', '0', ''),
('DIY04', 'KP05', 'JN02', 2019, '531.4', 3191, '0', '0', ''),
('DIY04', 'KP06', 'JN02', 2019, '1575.9', 9139, '0', '0', ''),
('DIY04', 'KP07', 'JN02', 2019, '1115.9', 6528, '0', '0', ''),
('DIY04', 'KP08', 'JN02', 2019, '110.4', 670, '0', '0', ''),
('DIY04', 'KP09', 'JN02', 2019, '189.3', 1173, '0', '0', ''),
('DIY04', 'KP10', 'JN02', 2019, '321.5', 1970, '0', '0', ''),
('DIY04', 'KP11', 'JN02', 2019, '304.2', 1864, '0', '0', ''),
('DIY04', 'KP12', 'JN02', 2019, '73.9', 459, '0', '0', ''),
('DIY04', 'KP01', 'JN02', 2020, '0', 0, '0', '0', '0'),
('DIY04', 'KP02', 'JN02', 2020, '0', 0, '0', '0', '0'),
('DIY04', 'KP03', 'JN02', 2020, '0', 0, '0', '0', '0'),
('DIY04', 'KP04', 'JN02', 2020, '0', 0, '0', '0', '0'),
('DIY04', 'KP05', 'JN02', 2020, '0', 0, '0', '0', '0'),
('DIY04', 'KP06', 'JN02', 2020, '0', 0, '0', '0', '0'),
('DIY04', 'KP07', 'JN02', 2020, '0', 0, '0', '0', '0'),
('DIY04', 'KP08', 'JN02', 2020, '0', 0, '0', '0', '0'),
('DIY04', 'KP09', 'JN02', 2020, '0', 0, '0', '0', '0'),
('DIY04', 'KP10', 'JN02', 2020, '0', 0, '0', '0', '0'),
('DIY04', 'KP11', 'JN02', 2020, '0', 0, '0', '0', '0'),
('DIY04', 'KP12', 'JN02', 2020, '0', 0, '0', '0', '0'),
('JT003', 'PR01', 'JN02', 2019, '1857', 0, '0', '0', '0'),
('JT003', 'PR02', 'JN02', 2019, '406', 0, '0', '0', '0'),
('JT003', 'PR03', 'JN02', 2019, '358', 0, '0', '0', '0'),
('JT003', 'PR04', 'JN02', 2019, '343', 0, '0', '0', '0'),
('JT003', 'PR05', 'JN02', 2019, '7', 0, '0', '0', '0'),
('JT003', 'PR06', 'JN02', 2019, '0', 0, '0', '0', '0'),
('JT003', 'PR07', 'JN02', 2019, '152', 0, '0', '0', '0'),
('JT003', 'PR08', 'JN02', 2019, '386', 0, '0', '0', '0'),
('JT003', 'PR09', 'JN02', 2019, '109.5', 0, '0', '0', '0'),
('JT003', 'PR10', 'JN02', 2019, '75', 0, '0', '0', '0'),
('JT003', 'PR11', 'JN02', 2019, '58', 0, '0', '0', '0'),
('JT003', 'PR12', 'JN02', 2019, '159', 0, '0', '0', '0'),
('JT003', 'PR13', 'JN02', 2019, '209', 0, '0', '0', '0'),
('JT003', 'PR14', 'JN02', 2019, '196', 0, '0', '0', '0'),
('JT003', 'PR15', 'JN02', 2019, '237', 0, '0', '0', '0'),
('JT003', 'PR16', 'JN02', 2019, '31.5', 0, '0', '0', '0'),
('JT003', 'PR01', 'JN02', 2020, '0', 0, '0', '0', '0'),
('JT003', 'PR02', 'JN02', 2020, '0', 0, '0', '0', '0'),
('JT003', 'PR03', 'JN02', 2020, '0', 0, '0', '0', '0'),
('JT003', 'PR04', 'JN02', 2020, '0', 0, '0', '0', '0'),
('JT003', 'PR05', 'JN02', 2020, '0', 0, '0', '0', '0'),
('JT003', 'PR06', 'JN02', 2020, '0', 0, '0', '0', '0'),
('JT003', 'PR07', 'JN02', 2020, '0', 0, '0', '0', '0'),
('JT003', 'PR08', 'JN02', 2020, '0', 0, '0', '0', '0'),
('JT003', 'PR09', 'JN02', 2020, '0', 0, '0', '0', '0'),
('JT003', 'PR10', 'JN02', 2020, '0', 0, '0', '0', '0'),
('JT003', 'PR11', 'JN02', 2020, '0', 0, '0', '0', '0'),
('JT003', 'PR12', 'JN02', 2020, '0', 0, '0', '0', '0'),
('JT003', 'PR13', 'JN02', 2020, '0', 0, '0', '0', '0'),
('JT003', 'PR14', 'JN02', 2020, '0', 0, '0', '0', '0'),
('JT003', 'PR15', 'JN02', 2020, '0', 0, '0', '0', '0'),
('JT003', 'PR16', 'JN02', 2020, '0', 0, '0', '0', '0'),
('JT002', 'KL01', 'JN02', 2019, '0', 575, '0', '0', '0'),
('JT002', 'KL02', 'JN02', 2019, '0', 2981, '0', '0', '0'),
('JT002', 'KL03', 'JN02', 2019, '0', 0, '2773', '0', '0'),
('JT002', 'KL04', 'JN02', 2019, '0', 0, '7607', '0', '0'),
('JT002', 'KL05', 'JN02', 2019, '0', 34, '0', '0', '0'),
('JT002', 'KL06', 'JN02', 2019, '0', 1032, '0', '0', '0'),
('JT002', 'KL07', 'JN02', 2019, '0', 4308, '0', '0', '0'),
('JT002', 'KL08', 'JN02', 2019, '0', 0, '0', '0', '0'),
('JT002', 'KL09', 'JN02', 2019, '0', 340, '0', '0', '0'),
('JT002', 'KL10', 'JN02', 2019, '0', 364, '0', '0', '0'),
('JT002', 'KL11', 'JN02', 2019, '0', 339, '0', '0', '0'),
('JT002', 'KL12', 'JN02', 2019, '0', 0, '280.8', '0', '0'),
('JT002', 'KL13', 'JN02', 2019, '0', 509, '0', '0', '0'),
('JT002', 'KL14', 'JN02', 2019, '0', 417, '0', '0', '0'),
('JT002', 'KL15', 'JN02', 2019, '0', 0, '0', '0', '0'),
('JT002', 'KL16', 'JN02', 2019, '0', 0, '0', '0', '0'),
('JT002', 'KL17', 'JN02', 2019, '0', 0, '0', '0', '0'),
('JT002', 'KL18', 'JN02', 2019, '0', 0, '0', '0', '0'),
('JT002', 'KL19', 'JN02', 2019, '0', 0, '0', '0', '0'),
('JT002', 'KL20', 'JN02', 2019, '0', 0, '0', '0', '0'),
('JT002', 'KL21', 'JN02', 2019, '0', 2605, '0', '0', '0'),
('JT002', 'KL22', 'JN02', 2019, '0', 0, '0', '0', '0'),
('JT002', 'KL23', 'JN02', 2019, '0', 0, '0', '0', '0'),
('JT002', 'KL24', 'JN02', 2019, '0', 45, '0', '0', '0'),
('JT002', 'KL25', 'JN02', 2019, '0', 399, '0', '0', '0'),
('JT002', 'KL26', 'JN02', 2019, '0', 0, '0', '0', '0'),
('JT002', 'KL01', 'JN02', 2020, '3', 0, '0', '0', '0'),
('JT002', 'KL02', 'JN02', 2020, '173.63', 0, '0', '0', '0'),
('JT002', 'KL03', 'JN02', 2020, '55', 0, '0', '0', '0'),
('JT002', 'KL04', 'JN02', 2020, '18', 0, '0', '0', '0'),
('JT002', 'KL05', 'JN02', 2020, '0', 0, '0', '0', '0'),
('JT002', 'KL06', 'JN02', 2020, '0', 0, '0', '0', '0'),
('JT002', 'KL07', 'JN02', 2020, '28.6', 0, '0', '0', '0'),
('JT002', 'KL08', 'JN02', 2020, '0', 0, '0', '0', '0'),
('JT002', 'KL09', 'JN02', 2020, '49.6', 0, '0', '0', '0'),
('JT002', 'KL10', 'JN02', 2020, '5', 0, '0', '0', '0'),
('JT002', 'KL11', 'JN02', 2020, '4', 0, '0', '0', '0'),
('JT002', 'KL12', 'JN02', 2020, '2', 0, '0', '0', '0'),
('JT002', 'KL13', 'JN02', 2020, '52.33', 0, '0', '0', '0'),
('JT002', 'KL14', 'JN02', 2020, '24.91', 0, '0', '0', '0'),
('JT002', 'KL15', 'JN02', 2020, '0', 0, '0', '0', '0'),
('JT002', 'KL16', 'JN02', 2020, '8.98', 0, '0', '0', '0'),
('JT002', 'KL17', 'JN02', 2020, '42', 0, '0', '0', '0'),
('JT002', 'KL18', 'JN02', 2020, '8.64', 0, '0', '0', '0'),
('JT002', 'KL19', 'JN02', 2020, '0', 0, '0', '0', '0'),
('JT002', 'KL20', 'JN02', 2020, '0', 0, '0', '0', '0'),
('JT002', 'KL21', 'JN02', 2020, '2', 0, '0', '0', '0'),
('JT002', 'KL22', 'JN02', 2020, '48.38', 0, '0', '0', '0'),
('JT002', 'KL23', 'JN02', 2020, '0', 0, '0', '0', '0'),
('JT002', 'KL24', 'JN02', 2020, '6.6', 0, '0', '0', '0'),
('JT002', 'KL25', 'JN02', 2020, '3.12', 0, '0', '0', '0'),
('JT002', 'KL26', 'JN02', 2020, '1.2', 0, '0', '0', '0'),
('DIY05', 'GK01', 'JN02', 2019, '0', 3112, '0', '0', '0'),
('DIY05', 'GK02', 'JN02', 2019, '0', 1200, '0', '0', '0'),
('DIY05', 'GK03', 'JN02', 2019, '0', 2748, '0', '0', '0'),
('DIY05', 'GK04', 'JN02', 2019, '0', 5136, '0', '0', '0'),
('DIY05', 'GK05', 'JN02', 2019, '0', 3162, '0', '0', '0'),
('DIY05', 'GK06', 'JN02', 2019, '0', 1965, '0', '0', '0'),
('DIY05', 'GK07', 'JN02', 2019, '0', 2660, '0', '0', '0'),
('DIY05', 'GK08', 'JN02', 2019, '0', 2642, '0', '0', '0'),
('DIY05', 'GK09', 'JN02', 2019, '0', 3095, '0', '0', '0'),
('DIY05', 'GK10', 'JN02', 2019, '0', 4789, '0', '0', '0'),
('DIY05', 'GK11', 'JN02', 2019, '0', 3090, '0', '0', '0'),
('DIY05', 'GK12', 'JN02', 2019, '0', 2903, '0', '0', '0'),
('DIY05', 'GK13', 'JN02', 2019, '0', 2977, '0', '0', '0'),
('DIY05', 'GK14', 'JN02', 2019, '0', 1675, '0', '0', '0'),
('DIY05', 'GK15', 'JN02', 2019, '0', 833, '0', '0', '0'),
('DIY05', 'GK16', 'JN02', 2019, '0', 4111, '0', '0', '0'),
('DIY05', 'GK17', 'JN02', 2019, '0', 1079, '0', '0', '0'),
('DIY05', 'GK18', 'JN02', 2019, '0', 3939, '0', '0', '0'),
('DIY05', 'GK01', 'JN02', 2020, '0', 3114, '0', '0', '0'),
('DIY05', 'GK02', 'JN02', 2020, '0', 1059, '0', '0', '0'),
('DIY05', 'GK03', 'JN02', 2020, '0', 3048, '0', '0', '0'),
('DIY05', 'GK04', 'JN02', 2020, '0', 5921, '0', '0', '0'),
('DIY05', 'GK05', 'JN02', 2020, '0', 3162, '0', '0', '0'),
('DIY05', 'GK06', 'JN02', 2020, '0', 1975, '0', '0', '0'),
('DIY05', 'GK07', 'JN02', 2020, '0', 2652, '0', '0', '0'),
('DIY05', 'GK08', 'JN02', 2020, '0', 2463, '0', '0', '0'),
('DIY05', 'GK09', 'JN02', 2020, '0', 3603, '0', '0', '0'),
('DIY05', 'GK10', 'JN02', 2020, '0', 5067, '0', '0', '0'),
('DIY05', 'GK11', 'JN02', 2020, '0', 3074, '0', '0', '0'),
('DIY05', 'GK12', 'JN02', 2020, '0', 3297, '0', '0', '0'),
('DIY05', 'GK13', 'JN02', 2020, '0', 2827, '0', '0', '0'),
('DIY05', 'GK14', 'JN02', 2020, '0', 1704, '0', '0', '0'),
('DIY05', 'GK15', 'JN02', 2020, '0', 532, '0', '0', '0'),
('DIY05', 'GK16', 'JN02', 2020, '0', 3964, '0', '0', '0'),
('DIY05', 'GK17', 'JN02', 2020, '0', 1327, '0', '0', '0'),
('DIY05', 'GK18', 'JN02', 2020, '0', 4158, '0', '0', '0'),
('DIY03', 'BL01', 'JN02', 2019, '0', 117, '0', '0', '0'),
('DIY03', 'BL02', 'JN02', 2019, '0', 0, '0', '0', '0'),
('DIY03', 'BL03', 'JN02', 2019, '0', 283, '0', '0', '0'),
('DIY03', 'BL04', 'JN02', 2019, '0', 0, '0', '0', '0'),
('DIY03', 'BL05', 'JN02', 2019, '0', 0, '0', '0', '0'),
('DIY03', 'BL06', 'JN02', 2019, '0', 271, '0', '0', '0'),
('DIY03', 'BL07', 'JN02', 2019, '0', 170, '0', '0', '0'),
('DIY03', 'BL08', 'JN02', 2019, '0', 71, '0', '0', '0'),
('DIY03', 'BL09', 'JN02', 2019, '0', 0, '0', '0', '0'),
('DIY03', 'BL10', 'JN02', 2019, '0', 782, '0', '0', '0'),
('DIY03', 'BL11', 'JN02', 2019, '0', 129, '0', '0', '0'),
('DIY03', 'BL12', 'JN02', 2019, '0', 0, '0', '0', '0'),
('DIY03', 'BL13', 'JN02', 2019, '0', 0, '0', '0', '0'),
('DIY03', 'BL14', 'JN02', 2019, '0', 0, '0', '0', '0'),
('DIY03', 'BL15', 'JN02', 2019, '0', 101, '0', '0', '0'),
('DIY03', 'BL16', 'JN02', 2019, '0', 510, '0', '0', '0'),
('DIY03', 'BL17', 'JN02', 2019, '0', 110, '0', '0', '0'),
('DIY03', 'BL01', 'JN02', 2020, '0', 0, '0', '0', '0'),
('DIY03', 'BL02', 'JN02', 2020, '0', 0, '0', '0', '0'),
('DIY03', 'BL03', 'JN02', 2020, '0', 0, '0', '0', '0'),
('DIY03', 'BL04', 'JN02', 2020, '0', 0, '0', '0', '0'),
('DIY03', 'BL05', 'JN02', 2020, '0', 0, '0', '0', '0'),
('DIY03', 'BL06', 'JN02', 2020, '0', 0, '0', '0', '0'),
('DIY03', 'BL07', 'JN02', 2020, '0', 0, '0', '0', '0'),
('DIY03', 'BL08', 'JN02', 2020, '0', 0, '0', '0', '0'),
('DIY03', 'BL09', 'JN02', 2020, '0', 0, '0', '0', '0'),
('DIY03', 'BL10', 'JN02', 2020, '0', 0, '0', '0', '0'),
('DIY03', 'BL11', 'JN02', 2020, '0', 0, '0', '0', '0'),
('DIY03', 'BL12', 'JN02', 2020, '0', 0, '0', '0', '0'),
('DIY03', 'BL13', 'JN02', 2020, '0', 0, '0', '0', '0'),
('DIY03', 'BL14', 'JN02', 2020, '0', 0, '0', '0', '0'),
('DIY03', 'BL15', 'JN02', 2020, '0', 0, '0', '0', '0'),
('DIY03', 'BL16', 'JN02', 2020, '0', 0, '0', '0', '0'),
('DIY03', 'BL17', 'JN02', 2020, '0', 0, '0', '0', '0'),
('DIY01', 'YK01', 'JN02', 2019, '0', 0, '0', '0', '0'),
('DIY01', 'YK02', 'JN02', 2019, '0', 0, '0', '0', '0'),
('DIY01', 'YK03', 'JN02', 2019, '0', 0, '0', '0', '0'),
('DIY01', 'YK04', 'JN02', 2019, '0', 0, '0', '0', '0'),
('DIY01', 'YK05', 'JN02', 2019, '0', 0, '0', '0', '0'),
('DIY01', 'YK06', 'JN02', 2019, '0', 0, '0', '0', '0'),
('DIY01', 'YK07', 'JN02', 2019, '0', 0, '0', '0', '0'),
('DIY01', 'YK08', 'JN02', 2019, '0', 0, '0', '0', '0'),
('DIY01', 'YK09', 'JN02', 2019, '0', 0, '0', '0', '0'),
('DIY01', 'YK10', 'JN02', 2019, '0', 0, '0', '0', '0'),
('DIY01', 'YK11', 'JN02', 2019, '0', 0, '0', '0', '0'),
('DIY01', 'YK12', 'JN02', 2019, '0', 0, '0', '0', '0'),
('DIY01', 'YK13', 'JN02', 2019, '0', 0, '0', '0', '0'),
('DIY01', 'YK14', 'JN02', 2019, '0', 0, '0', '0', '0'),
('DIY01', 'YK01', 'JN02', 2020, '0', 0, '0', '0', '0'),
('DIY01', 'YK02', 'JN02', 2020, '0', 0, '0', '0', '0'),
('DIY01', 'YK03', 'JN02', 2020, '0', 0, '0', '0', '0'),
('DIY01', 'YK04', 'JN02', 2020, '0', 0, '0', '0', '0'),
('DIY01', 'YK05', 'JN02', 2020, '0', 0, '0', '0', '0'),
('DIY01', 'YK06', 'JN02', 2020, '0', 0, '0', '0', '0'),
('DIY01', 'YK07', 'JN02', 2020, '0', 0, '0', '0', '0'),
('DIY01', 'YK08', 'JN02', 2020, '0', 0, '0', '0', '0'),
('DIY01', 'YK09', 'JN02', 2020, '0', 0, '0', '0', '0'),
('DIY01', 'YK10', 'JN02', 2020, '0', 0, '0', '0', '0'),
('DIY01', 'YK11', 'JN02', 2020, '0', 0, '0', '0', '0'),
('DIY01', 'YK12', 'JN02', 2020, '0', 0, '0', '0', '0'),
('DIY01', 'YK13', 'JN02', 2020, '0', 0, '0', '0', '0'),
('DIY01', 'YK14', 'JN02', 2020, '0', 0, '0', '0', '0');

-- --------------------------------------------------------

--
-- Struktur dari tabel `t_jenis`
--

CREATE TABLE `t_jenis` (
  `Id_Komuditas` varchar(5) CHARACTER SET latin1 DEFAULT NULL,
  `Id_Jenis` varchar(4) CHARACTER SET latin1 NOT NULL,
  `Jenis` varchar(27) DEFAULT NULL
) ENGINE=InnoDB DEFAULT CHARSET=utf8;

--
-- Dumping data untuk tabel `t_jenis`
--

INSERT INTO `t_jenis` (`Id_Komuditas`, `Id_Jenis`, `Jenis`) VALUES
('KDM01', 'JN01', 'Padi / Beras'),
('KDM01', 'JN02', 'Jagung'),
('KDM01', 'JN03', 'Ubi Kayu'),
('KDM02', 'JN04', 'Bawang Merah'),
('KDM02', 'JN05', 'Cabai'),
('KDM02', 'JN06', 'Cabai Merah Besar'),
('KDM02', 'JN07', 'Cabai Rawit'),
('KDM02', 'JN08', 'Tebu'),
('KDM03', 'JN09', 'Daging Ayam (Ayam Pedaging)'),
('KDM03', 'JN10', 'Daging Sapi (Sapi Potong)'),
('KDM03', 'JN11', 'Telur Ayam (Banyak Telur)');

-- --------------------------------------------------------

--
-- Struktur dari tabel `t_kecamatan`
--

CREATE TABLE `t_kecamatan` (
  `Id_Wilayah` varchar(5) CHARACTER SET latin1 DEFAULT NULL,
  `ID` varchar(4) CHARACTER SET latin1 NOT NULL,
  `Kecamatan` varchar(14) DEFAULT NULL
) ENGINE=InnoDB DEFAULT CHARSET=utf8;

--
-- Dumping data untuk tabel `t_kecamatan`
--

INSERT INTO `t_kecamatan` (`Id_Wilayah`, `ID`, `Kecamatan`) VALUES
('DIY03', 'BL01', 'Srandakan'),
('DIY03', 'BL02', 'Sanden'),
('DIY03', 'BL03', 'Kretek'),
('DIY03', 'BL04', 'Pundong'),
('DIY03', 'BL05', 'Bambanglipuro'),
('DIY03', 'BL06', 'Pandak'),
('DIY03', 'BL07', 'Bantul'),
('DIY03', 'BL08', 'Jetis'),
('DIY03', 'BL09', 'Imogiri'),
('DIY03', 'BL10', 'Dlingo'),
('DIY03', 'BL11', 'Pleret'),
('DIY03', 'BL12', 'Piyungan'),
('DIY03', 'BL13', 'Banguntapan'),
('DIY03', 'BL14', 'Sewon'),
('DIY03', 'BL15', 'Kasihan'),
('DIY03', 'BL16', 'Pajangan'),
('DIY03', 'BL17', 'Sedayu'),
('DIY05', 'GK01', 'Panggang'),
('DIY06', 'GK02', 'Purwosari'),
('DIY07', 'GK03', 'Paliyan'),
('DIY08', 'GK04', 'Saptosari'),
('DIY09', 'GK05', 'Tepus'),
('DIY10', 'GK06', 'Tanjungsari'),
('DIY11', 'GK07', 'Rongkop'),
('DIY12', 'GK08', 'Girisubo'),
('DIY13', 'GK09', 'Semanu'),
('DIY14', 'GK10', 'Ponjong'),
('DIY15', 'GK11', 'Karangmojo'),
('DIY16', 'GK12', 'Wonosari'),
('DIY17', 'GK13', 'Playen'),
('DIY18', 'GK14', 'Patuk'),
('DIY19', 'GK15', 'Gedangsari'),
('DIY20', 'GK16', 'Nglipar'),
('DIY21', 'GK17', 'Ngawen'),
('DIY22', 'GK18', 'Semin'),
('JT002', 'KL01', 'Prambanan'),
('JT002', 'KL02', 'Gantiwarno'),
('JT002', 'KL03', 'Wedi'),
('JT002', 'KL04', 'Bayat'),
('JT002', 'KL05', 'Cawas'),
('JT002', 'KL06', 'Trucuk'),
('JT002', 'KL07', 'Kalikotes'),
('JT002', 'KL08', 'Kebonarum'),
('JT002', 'KL09', 'Jogonalan'),
('JT002', 'KL10', 'Manisrenggo'),
('JT002', 'KL11', 'Karangnongko'),
('JT002', 'KL12', 'Ngawen'),
('JT002', 'KL13', 'Ceper'),
('JT002', 'KL14', 'Pedan'),
('JT002', 'KL15', 'Karangdowo'),
('JT002', 'KL16', 'Juwiring'),
('JT002', 'KL17', 'Wonosari'),
('JT002', 'KL18', 'Delanggu'),
('JT002', 'KL19', 'Polanharjo'),
('JT002', 'KL20', 'Karanganom'),
('JT002', 'KL21', 'Tulung'),
('JT002', 'KL22', 'Jatinom'),
('JT002', 'KL23', 'Kemalang'),
('JT002', 'KL24', 'Klaten Selatan'),
('JT002', 'KL25', 'Klaten Tengah'),
('JT002', 'KL26', 'Klaten Utara'),
('DIY04', 'KP01', 'Temon'),
('DIY04', 'KP02', 'Wates'),
('DIY04', 'KP03', 'Panjatan'),
('DIY04', 'KP04', 'Galur '),
('DIY04', 'KP05', 'Lendah'),
('DIY04', 'KP06', 'Sentolo'),
('DIY04', 'KP07', 'Pengasih'),
('DIY04', 'KP08', 'Kokap'),
('DIY04', 'KP09', 'Girimulyo'),
('DIY04', 'KP10', 'Nnaggulan'),
('DIY04', 'KP11', 'Samigaluh'),
('DIY04', 'KP12', 'Kalibawang '),
('JT01', 'MG01', 'Salaman'),
('JT01', 'MG02', 'Borobudur'),
('JT01', 'MG03', 'Ngluwar'),
('JT01', 'MG04', 'Salam'),
('JT01', 'MG05', 'Srumbung'),
('JT01', 'MG06', 'Dukun'),
('JT01', 'MG07', 'Muntilan'),
('JT01', 'MG08', 'Mungkid'),
('JT01', 'MG09', 'Sawangan'),
('JT01', 'MG10', 'Candimulyo'),
('JT01', 'MG11', 'Mertoyudan'),
('JT01', 'MG12', 'Tempuran'),
('JT01', 'MG13', 'Kajoran'),
('JT01', 'MG14', 'Kaliangkrik'),
('JT01', 'MG15', 'Bandongan'),
('JT01', 'MG16', 'Windusari'),
('JT01', 'MG17', 'Secang'),
('JT01', 'MG18', 'Tegalrejo'),
('JT01', 'MG19', 'Pakis'),
('JT01', 'MG20', 'Grabag'),
('JT01', 'MG21', 'Ngablak'),
('JT003', 'PR01', 'Grabag'),
('JT003', 'PR02', 'Ngombol'),
('JT003', 'PR03', 'Purwodadi'),
('JT003', 'PR04', 'Bagelen'),
('JT003', 'PR05', 'Kaligesing'),
('JT003', 'PR06', 'Purworejo'),
('JT003', 'PR07', 'Banyuurip'),
('JT003', 'PR08', 'Bayan'),
('JT003', 'PR09', 'Kutoarjo'),
('JT003', 'PR10', 'Butuh'),
('JT003', 'PR11', 'Pituruh'),
('JT003', 'PR12', 'Kemiri'),
('JT003', 'PR13', 'Bruno'),
('JT003', 'PR14', 'Gebang'),
('JT003', 'PR15', 'Loano'),
('JT003', 'PR16', 'Bener'),
('DIY02', 'SL01', 'Moyudan'),
('DIY02', 'SL02', 'Minggir'),
('DIY02', 'SL03', 'Seyegan'),
('DIY02', 'SL04', 'Godean'),
('DIY02', 'SL05', 'Gamping'),
('DIY02', 'SL06', 'Mlati'),
('DIY02', 'SL07', 'Depok'),
('DIY02', 'SL08', 'Berbah'),
('DIY02', 'SL09', 'Prambanan'),
('DIY02', 'SL10', 'Kalasan'),
('DIY02', 'SL11', 'Ngemplak'),
('DIY02', 'SL12', 'Ngaglik'),
('DIY02', 'SL13', 'Sleman'),
('DIY02', 'SL14', 'Tempel'),
('DIY02', 'SL15', 'Turi'),
('DIY02', 'SL16', 'Pakem'),
('DIY02', 'SL17', 'Cangkringan'),
('DIY01', 'YK01', 'Mantijeron'),
('DIY01', 'YK02', 'Kraton'),
('DIY01', 'YK03', 'Margangsan'),
('DIY01', 'YK04', 'Umbulharjo'),
('DIY01', 'YK05', 'Kotagede'),
('DIY01', 'YK06', 'Gondokusuman'),
('DIY01', 'YK07', 'Danurejan'),
('DIY01', 'YK08', 'Pakualaman'),
('DIY01', 'YK09', 'Gondomanan'),
('DIY01', 'YK10', 'Ngampilan'),
('DIY01', 'YK11', 'Wirobrajan'),
('DIY01', 'YK12', 'Gedongtengen'),
('DIY01', 'YK13', 'Jetis'),
('DIY01', 'YK14', 'Tegalrejo');

-- --------------------------------------------------------

--
-- Struktur dari tabel `t_komoditas`
--

CREATE TABLE `t_komoditas` (
  `Id_Komuditas` varchar(6) NOT NULL,
  `Komuditas` varchar(100) NOT NULL
) ENGINE=InnoDB DEFAULT CHARSET=latin1;

--
-- Dumping data untuk tabel `t_komoditas`
--

INSERT INTO `t_komoditas` (`Id_Komuditas`, `Komuditas`) VALUES
('KMD01', 'Tanaman Pangan'),
('KMD02', 'Hultikultura'),
('KMD03', 'Peternakan');

-- --------------------------------------------------------

--
-- Struktur dari tabel `t_padi`
--

CREATE TABLE `t_padi` (
  `Id_Wilayah` varchar(5) CHARACTER SET latin1 DEFAULT NULL,
  `ID` varchar(4) CHARACTER SET latin1 DEFAULT NULL,
  `Id_Jenis` varchar(4) CHARACTER SET latin1 DEFAULT NULL,
  `Tahun` int(4) DEFAULT NULL,
  `Luas_Lahan_Tanam` varchar(10) DEFAULT NULL,
  `Luas_Aktivitas_Tanam` varchar(10) DEFAULT NULL,
  `Jumlah_Produktivitas` varchar(11) DEFAULT NULL,
  `Rata_Rata_Produktivitas_Produk` decimal(10,4) DEFAULT NULL,
  `Rata_Rata_Produktivitas_Lahan` decimal(10,4) DEFAULT NULL
) ENGINE=InnoDB DEFAULT CHARSET=utf8;

--
-- Dumping data untuk tabel `t_padi`
--

INSERT INTO `t_padi` (`Id_Wilayah`, `ID`, `Id_Jenis`, `Tahun`, `Luas_Lahan_Tanam`, `Luas_Aktivitas_Tanam`, `Jumlah_Produktivitas`, `Rata_Rata_Produktivitas_Produk`, `Rata_Rata_Produktivitas_Lahan`) VALUES
('JT001', 'MG01', 'JN01', 2019, '0', '0', '0', '0.0000', '0.0000'),
('JT001', 'MG02', 'JN01', 2019, '0', '0', '0', '0.0000', '0.0000'),
('JT001', 'MG03', 'JN01', 2019, '0', '0', '0', '0.0000', '0.0000'),
('JT001', 'MG04', 'JN01', 2019, '2542.80', '2598.60', '0', '0.0000', '1.0200'),
('JT001', 'MG05', 'JN01', 2019, '2894.30', '2686.40', '0', '0.0000', '0.9300'),
('JT001', 'MG06', 'JN01', 2019, '4761.00', '38811.27', '0', '0.0000', '8.1500'),
('JT001', 'MG07', 'JN01', 2019, '2875.10', '3433.80', '0', '0.0000', '1.1900'),
('JT001', 'MG08', 'JN01', 2019, '0', '0', '0', '0.0000', '0.0000'),
('JT001', 'MG09', 'JN01', 2019, '0', '122.00', '871.08', '0.0000', '0.0000'),
('JT001', 'MG10', 'JN01', 2019, '0', '0', '0', '0.0000', '0.0000'),
('JT001', 'MG11', 'JN01', 2019, '0', '0', '0', '0.0000', '0.0000'),
('JT001', 'MG12', 'JN01', 2019, '0', '0', '0', '0.0000', '0.0000'),
('JT001', 'MG13', 'JN01', 2019, '0', '0', '0', '0.0000', '0.0000'),
('JT001', 'MG14', 'JN01', 2019, '0', '0', '0', '0.0000', '0.0000'),
('JT001', 'MG15', 'JN01', 2019, '0', '0', '0', '0.0000', '0.0000'),
('JT001', 'MG16', 'JN01', 2019, '0', '0', '0', '0.0000', '0.0000'),
('JT001', 'MG17', 'JN01', 2019, '0', '0', '0', '0.0000', '0.0000'),
('JT001', 'MG18', 'JN01', 2019, '0', '0', '0', '0.0000', '0.0000'),
('JT001', 'MG19', 'JN01', 2019, '0', '0', '0', '0.0000', '0.0000'),
('JT001', 'MG20', 'JN01', 2019, '0', '0', '0', '0.0000', '0.0000'),
('JT001', 'MG21', 'JN01', 2019, '0', '0', '0', '0.0000', '0.0000'),
('JT001', 'MG01', 'JN01', 2020, '4481.7', '4182.3', '0', '0.0000', '0.9300'),
('JT001', 'MG02', 'JN01', 2020, '0', '0', '0', '0.0000', '0.0000'),
('JT001', 'MG03', 'JN01', 2020, '1937.1', '2177', '0', '0.0000', '1.1200'),
('JT001', 'MG04', 'JN01', 2020, '2200.00', '2394.60', '0', '0.0000', '1.0900'),
('JT001', 'MG05', 'JN01', 2020, '2478.20', '2478.20', '0', '0.0000', '1.0000'),
('JT001', 'MG06', 'JN01', 2020, '3014.70', '3172.80', '0', '0.0000', '1.0500'),
('JT001', 'MG07', 'JN01', 2020, '45.20', '37.50', '0', '0.0000', '0.8300'),
('JT001', 'MG08', 'JN01', 2020, '4683.1', '4951', '0', '0.0000', '1.0600'),
('JT001', 'MG09', 'JN01', 2020, '3829.9', '3987.80', '0', '0.0000', '1.0400'),
('JT001', 'MG10', 'JN01', 2020, '2194.1', '2200.8', '0', '0.0000', '1.0000'),
('JT001', 'MG11', 'JN01', 2020, '3275.8', '3356.7', '0', '0.0000', '1.0200'),
('JT001', 'MG12', 'JN01', 2020, '3776.9', '4403.6', '0', '0.0000', '1.1700'),
('JT001', 'MG13', 'JN01', 2020, '5668.3', '5863.8', '0', '0.0000', '1.0300'),
('JT001', 'MG14', 'JN01', 2020, '2858.5', '3263.2', '0', '0.0000', '1.1400'),
('JT001', 'MG15', 'JN01', 2020, '196', '233.6', '0', '0.0000', '1.1900'),
('JT001', 'MG16', 'JN01', 2020, '4237.1', '4227.5', '0', '0.0000', '1.0000'),
('JT001', 'MG17', 'JN01', 2020, '5061.5', '5138.5', '0', '0.0000', '1.0200'),
('JT001', 'MG18', 'JN01', 2020, '1537.3', '2241.3', '0', '0.0000', '1.4600'),
('JT001', 'MG19', 'JN01', 2020, '119.4', '131.1', '0', '0.0000', '1.1000'),
('JT001', 'MG20', 'JN01', 2020, '57.58', '59.24', '0', '0.0000', '1.0300'),
('JT001', 'MG21', 'JN01', 2020, '0', '0', '0', '0.0000', '0.0000'),
('DIY02', 'SL01', 'JN01', 2019, ' 1,268.00 ', ' 3,315.00 ', ' 1,670.50 ', '1.3174', '2.6144'),
('DIY02', 'SL02', 'JN01', 2019, ' 3,495.00 ', ' 3,515.00 ', ' 1,811.80 ', '0.5184', '1.0057'),
('DIY02', 'SL03', 'JN01', 2019, '0', ' 2,954.00 ', ' 16,020.00 ', '0.0000', '0.0000'),
('DIY02', 'SL04', 'JN01', 2019, ' 3,392.67 ', ' 3,355.00 ', ' 18,532.91 ', '5.4626', '0.9889'),
('DIY02', 'SL05', 'JN01', 2019, ' 2,627.70 ', ' 2,562.00 ', ' 14,098.38 ', '5.3653', '0.9750'),
('DIY02', 'SL06', 'JN01', 2019, ' 2,034.31 ', ' 2,138.00 ', ' 11,568.39 ', '5.6866', '1.0510'),
('DIY02', 'SL07', 'JN01', 2019, '0', ' 1,024.00 ', ' 561.70 ', '0.0000', '0.0000'),
('DIY02', 'SL08', 'JN01', 2019, '0', ' 2,568.00 ', ' 14,086.00 ', '0.0000', '0.0000'),
('DIY02', 'SL09', 'JN01', 2019, ' 2,776.00 ', ' 3,122.00 ', ' 1,656.70 ', '0.5968', '1.1246'),
('DIY02', 'SL10', 'JN01', 2019, ' 2,695.00 ', ' 3,135.00 ', ' 17.03 ', '0.0063', '1.1633'),
('DIY02', 'SL11', 'JN01', 2019, ' 3,816.00 ', ' 3,866.00 ', ' 21,082.00 ', '5.5246', '1.0131'),
('DIY02', 'SL12', 'JN01', 2019, ' 320.40 ', ' 3,128.60 ', ' 1,678.19 ', '5.2378', '9.7647'),
('DIY02', 'SL13', 'JN01', 2019, ' 2,890.00 ', ' 2,947.00 ', ' 1,574.30 ', '0.5447', '1.0197'),
('DIY02', 'SL14', 'JN01', 2019, '0', ' 2,095.00 ', ' 11,076.55 ', '0.0000', '0.0000'),
('DIY02', 'SL15', 'JN01', 2019, '0', ' 805.00 ', ' 4,231.15 ', '0.0000', '0.0000'),
('DIY02', 'SL16', 'JN01', 2019, ' 2,597.00 ', ' 2,597.00 ', ' 16,186.00 ', '6.2326', '1.0000'),
('DIY02', 'SL17', 'JN01', 2019, ' 2,725.00 ', ' 2,940.00 ', ' 15,084.00 ', '5.5354', '1.0789'),
('DIY02', 'SL01', 'JN01', 2020, '0', '0', '0', '0.0000', '0.0000'),
('DIY02', 'SL02', 'JN01', 2020, '0', '0', '0', '0.0000', '0.0000'),
('DIY02', 'SL03', 'JN01', 2020, '0', ' 2,745.00 ', ' 15,770.57 ', '0.0000', '0.0000'),
('DIY02', 'SL04', 'JN01', 2020, '0', '0', '0', '0.0000', '0.0000'),
('DIY02', 'SL05', 'JN01', 2020, ' 2,474.00 ', ' 2,480.00 ', ' 16,084.00 ', '6.5012', '1.0024'),
('DIY02', 'SL06', 'JN01', 2020, ' 1,652.00 ', ' 1,845.00 ', ' 1,138.90 ', '0.6894', '1.1168'),
('DIY02', 'SL07', 'JN01', 2020, '0', '0', '0', '0.0000', '0.0000'),
('DIY02', 'SL08', 'JN01', 2020, '0', '0', '0', '0.0000', '0.0000'),
('DIY02', 'SL09', 'JN01', 2020, ' 3,076.00 ', ' 3,027.00 ', ' 15,899.89 ', '5.1690', '0.9841'),
('DIY02', 'SL10', 'JN01', 2020, '0', '0', '0', '0.0000', '0.0000'),
('DIY02', 'SL11', 'JN01', 2020, ' 3,648.00 ', ' 3,537.00 ', ' 2,479.44 ', '0.6797', '0.9696'),
('DIY02', 'SL12', 'JN01', 2020, ' 1,957.10 ', ' 2,359.20 ', ' 1,452.10 ', '0.7420', '1.2055'),
('DIY02', 'SL13', 'JN01', 2020, ' 1,744.00 ', ' 266.00 ', ' 1,622.60 ', '0.9304', '0.1525'),
('DIY02', 'SL14', 'JN01', 2020, '0', ' 2,085.00 ', ' 12,805.00 ', '0.0000', '0.0000'),
('DIY02', 'SL15', 'JN01', 2020, '0', '0', '0', '0.0000', '0.0000'),
('DIY02', 'SL16', 'JN01', 2020, '0', '0', '0', '0.0000', '0.0000'),
('DIY02', 'SL17', 'JN01', 2020, ' 2,321.00 ', ' 2,395.00 ', ' 13,850.00 ', '5.9673', '1.0319'),
('DIY04', 'KP01', 'JN01', 2020, '0', '0', '0', '0.0000', '0.0000'),
('DIY04', 'KP02', 'JN01', 2020, '0', '0', '0', '0.0000', '0.0000'),
('DIY04', 'KP03', 'JN01', 2020, '0', '0', '0', '0.0000', '0.0000'),
('DIY04', 'KP04', 'JN01', 2020, '0', '0', '0', '0.0000', '0.0000'),
('DIY04', 'KP05', 'JN01', 2020, '0', '0', '0', '0.0000', '0.0000'),
('DIY04', 'KP06', 'JN01', 2020, '0', '0', '0', '0.0000', '0.0000'),
('DIY04', 'KP07', 'JN01', 2020, '0', '0', '0', '0.0000', '0.0000'),
('DIY04', 'KP08', 'JN01', 2020, '0', '0', '0', '0.0000', '0.0000'),
('DIY04', 'KP09', 'JN01', 2020, '0', '0', '0', '0.0000', '0.0000'),
('DIY04', 'KP10', 'JN01', 2020, '0', '0', '0', '0.0000', '0.0000'),
('DIY04', 'KP11', 'JN01', 2020, '0', '0', '0', '0.0000', '0.0000'),
('DIY04', 'KP12', 'JN01', 2020, '0', '0', '0', '0.0000', '0.0000'),
('JT003', 'PR01', 'JN01', 2019, '49', '0', '0', '0.0000', '0.0000'),
('JT003', 'PR02', 'JN01', 2019, '3', '0', '0', '0.0000', '0.0000'),
('JT003', 'PR03', 'JN01', 2019, '68.5', '0', '0', '0.0000', '0.0000'),
('JT003', 'PR04', 'JN01', 2019, '943', '0', '0', '0.0000', '0.0000'),
('JT003', 'PR05', 'JN01', 2019, '10', '0', '0', '0.0000', '0.0000'),
('JT003', 'PR06', 'JN01', 2019, '0', '0', '0', '0.0000', '0.0000'),
('JT003', 'PR07', 'JN01', 2019, '0', '0', '0', '0.0000', '0.0000'),
('JT003', 'PR08', 'JN01', 2019, '11', '0', '0', '0.0000', '0.0000'),
('JT003', 'PR09', 'JN01', 2019, '4', '0', '0', '0.0000', '0.0000'),
('JT003', 'PR10', 'JN01', 2019, '0', '0', '0', '0.0000', '0.0000'),
('JT003', 'PR11', 'JN01', 2019, '71', '0', '0', '0.0000', '0.0000'),
('JT003', 'PR12', 'JN01', 2019, '844', '0', '0', '0.0000', '0.0000'),
('JT003', 'PR13', 'JN01', 2019, '314', '0', '0', '0.0000', '0.0000'),
('JT003', 'PR14', 'JN01', 2019, '67', '0', '0', '0.0000', '0.0000'),
('JT003', 'PR15', 'JN01', 2019, '30', '0', '0', '0.0000', '0.0000'),
('JT003', 'PR16', 'JN01', 2019, '173.75', '0', '0', '0.0000', '0.0000'),
('JT003', 'PR01', 'JN01', 2020, '0', '0', '0', '0.0000', '0.0000'),
('JT003', 'PR02', 'JN01', 2020, '0', '0', '0', '0.0000', '0.0000'),
('JT003', 'PR03', 'JN01', 2020, '0', '0', '0', '0.0000', '0.0000'),
('JT003', 'PR04', 'JN01', 2020, '0', '0', '0', '0.0000', '0.0000'),
('JT003', 'PR05', 'JN01', 2020, '0', '0', '0', '0.0000', '0.0000'),
('JT003', 'PR06', 'JN01', 2020, '0', '0', '0', '0.0000', '0.0000'),
('JT003', 'PR07', 'JN01', 2020, '0', '0', '0', '0.0000', '0.0000'),
('JT003', 'PR08', 'JN01', 2020, '0', '0', '0', '0.0000', '0.0000'),
('JT003', 'PR09', 'JN01', 2020, '0', '0', '0', '0.0000', '0.0000'),
('JT003', 'PR10', 'JN01', 2020, '0', '0', '0', '0.0000', '0.0000'),
('JT003', 'PR11', 'JN01', 2020, '0', '0', '0', '0.0000', '0.0000'),
('JT003', 'PR12', 'JN01', 2020, '0', '0', '0', '0.0000', '0.0000'),
('JT003', 'PR13', 'JN01', 2020, '0', '0', '0', '0.0000', '0.0000'),
('JT003', 'PR14', 'JN01', 2020, '0', '0', '0', '0.0000', '0.0000'),
('JT003', 'PR15', 'JN01', 2020, '0', '0', '0', '0.0000', '0.0000'),
('JT003', 'PR16', 'JN01', 2020, '0', '0', '0', '0.0000', '0.0000'),
('JT002', 'KL01', 'JN01', 2019, '0', '2079', '6.99', '0.0000', '0.0000'),
('JT002', 'KL02', 'JN01', 2019, '0', '2613', '6.47', '0.0000', '0.0000'),
('JT002', 'KL03', 'JN01', 2019, '0', '2889', '6.56', '0.0000', '0.0000'),
('JT002', 'KL04', 'JN01', 2019, '0', '1099', '6.23', '0.0000', '0.0000'),
('JT002', 'KL05', 'JN01', 2019, '0', '4144', '7.19', '0.0000', '0.0000'),
('JT002', 'KL06', 'JN01', 2019, '0', '3742', '6.48', '0.0000', '0.0000'),
('JT002', 'KL07', 'JN01', 2019, '0', '1235', '6.66', '0.0000', '0.0000'),
('JT002', 'KL08', 'JN01', 2019, '0', '1752', '7.09', '0.0000', '0.0000'),
('JT002', 'KL09', 'JN01', 2019, '0', '3128', '6.53', '0.0000', '0.0000'),
('JT002', 'KL10', 'JN01', 2019, '0', '2581', '6.9', '0.0000', '0.0000'),
('JT002', 'KL11', 'JN01', 2019, '0', '2180', '6.73', '0.0000', '0.0000'),
('JT002', 'KL12', 'JN01', 2019, '0', '3085', '6.77', '0.0000', '0.0000'),
('JT002', 'KL13', 'JN01', 2019, '0', '2759', '6.71', '0.0000', '0.0000'),
('JT002', 'KL14', 'JN01', 2019, '0', '1621', '6.64', '0.0000', '0.0000'),
('JT002', 'KL15', 'JN01', 2019, '0', '4479', '7.39', '0.0000', '0.0000'),
('JT002', 'KL16', 'JN01', 2019, '0', '4824', '6.58', '0.0000', '0.0000'),
('JT002', 'KL17', 'JN01', 2019, '0', '5567', '6.59', '0.0000', '0.0000'),
('JT002', 'KL18', 'JN01', 2019, '0', '3915', '7.16', '0.0000', '0.0000'),
('JT002', 'KL19', 'JN01', 2019, '0', '5377', '6.88', '0.0000', '0.0000'),
('JT002', 'KL20', 'JN01', 2019, '0', '3376', '6.28', '0.0000', '0.0000'),
('JT002', 'KL21', 'JN01', 2019, '0', '2743', '6.44', '0.0000', '0.0000'),
('JT002', 'KL22', 'JN01', 2019, '0', '1141', '7.02', '0.0000', '0.0000'),
('JT002', 'KL23', 'JN01', 2019, '0', '100', '6.33', '0.0000', '0.0000'),
('JT002', 'KL24', 'JN01', 2019, '0', '1789', '6.65', '0.0000', '0.0000'),
('JT002', 'KL25', 'JN01', 2019, '0', '714', '6.56', '0.0000', '0.0000'),
('JT002', 'KL26', 'JN01', 2019, '0', '627', '6.78', '0.0000', '0.0000'),
('JT002', 'KL01', 'JN01', 2020, '3', '0', '0', '0.0000', '0.0000'),
('JT002', 'KL02', 'JN01', 2020, '173.63', '0', '0', '0.0000', '0.0000'),
('JT002', 'KL03', 'JN01', 2020, '55', '0', '0', '0.0000', '0.0000'),
('JT002', 'KL04', 'JN01', 2020, '18', '0', '0', '0.0000', '0.0000'),
('JT002', 'KL05', 'JN01', 2020, '0', '0', '0', '0.0000', '0.0000'),
('JT002', 'KL06', 'JN01', 2020, '0', '0', '0', '0.0000', '0.0000'),
('JT002', 'KL07', 'JN01', 2020, '28.6', '0', '0', '0.0000', '0.0000'),
('JT002', 'KL08', 'JN01', 2020, '0', '0', '0', '0.0000', '0.0000'),
('JT002', 'KL09', 'JN01', 2020, '49.6', '0', '0', '0.0000', '0.0000'),
('JT002', 'KL10', 'JN01', 2020, '5', '0', '0', '0.0000', '0.0000'),
('JT002', 'KL11', 'JN01', 2020, '4', '0', '0', '0.0000', '0.0000'),
('JT002', 'KL12', 'JN01', 2020, '2', '0', '0', '0.0000', '0.0000'),
('JT002', 'KL13', 'JN01', 2020, '52.33', '0', '0', '0.0000', '0.0000'),
('JT002', 'KL14', 'JN01', 2020, '24.91', '0', '0', '0.0000', '0.0000'),
('JT002', 'KL15', 'JN01', 2020, '0', '0', '0', '0.0000', '0.0000'),
('JT002', 'KL16', 'JN01', 2020, '8.98', '0', '0', '0.0000', '0.0000'),
('JT002', 'KL17', 'JN01', 2020, '42', '0', '0', '0.0000', '0.0000'),
('JT002', 'KL18', 'JN01', 2020, '8.64', '0', '0', '0.0000', '0.0000'),
('JT002', 'KL19', 'JN01', 2020, '0', '0', '0', '0.0000', '0.0000'),
('JT002', 'KL20', 'JN01', 2020, '0', '0', '0', '0.0000', '0.0000'),
('JT002', 'KL21', 'JN01', 2020, '2', '0', '0', '0.0000', '0.0000'),
('JT002', 'KL22', 'JN01', 2020, '48.38', '0', '0', '0.0000', '0.0000'),
('JT002', 'KL23', 'JN01', 2020, '0', '0', '0', '0.0000', '0.0000'),
('JT002', 'KL24', 'JN01', 2020, '6.6', '0', '0', '0.0000', '0.0000'),
('JT002', 'KL25', 'JN01', 2020, '3.12', '0', '0', '0.0000', '0.0000'),
('JT002', 'KL26', 'JN01', 2020, '1.2', '0', '0', '0.0000', '0.0000'),
('DIY05', 'GK01', 'JN01', 2019, '0', '0', '0', '0.0000', '0.0000'),
('DIY05', 'GK02', 'JN01', 2019, '0', '0', '0', '0.0000', '0.0000'),
('DIY05', 'GK03', 'JN01', 2019, '0', '0', '0', '0.0000', '0.0000'),
('DIY05', 'GK04', 'JN01', 2019, '0', '0', '0', '0.0000', '0.0000'),
('DIY05', 'GK05', 'JN01', 2019, '0', '0', '0', '0.0000', '0.0000'),
('DIY05', 'GK06', 'JN01', 2019, '0', '0', '0', '0.0000', '0.0000'),
('DIY05', 'GK07', 'JN01', 2019, '0', '0', '0', '0.0000', '0.0000'),
('DIY05', 'GK08', 'JN01', 2019, '0', '0', '0', '0.0000', '0.0000'),
('DIY05', 'GK09', 'JN01', 2019, '0', '0', '0', '0.0000', '0.0000'),
('DIY05', 'GK10', 'JN01', 2019, '0', '0', '0', '0.0000', '0.0000'),
('DIY05', 'GK11', 'JN01', 2019, '0', '0', '0', '0.0000', '0.0000'),
('DIY05', 'GK12', 'JN01', 2019, '0', '0', '0', '0.0000', '0.0000'),
('DIY05', 'GK13', 'JN01', 2019, '0', '0', '0', '0.0000', '0.0000'),
('DIY05', 'GK14', 'JN01', 2019, '0', '0', '0', '0.0000', '0.0000'),
('DIY05', 'GK15', 'JN01', 2019, '0', '0', '0', '0.0000', '0.0000'),
('DIY05', 'GK16', 'JN01', 2019, '0', '0', '0', '0.0000', '0.0000'),
('DIY05', 'GK17', 'JN01', 2019, '0', '0', '0', '0.0000', '0.0000'),
('DIY05', 'GK18', 'JN01', 2019, '0', '0', '0', '0.0000', '0.0000'),
('DIY05', 'GK01', 'JN01', 2020, '0', '0', '0', '0.0000', '0.0000'),
('DIY05', 'GK02', 'JN01', 2020, '0', '0', '0', '0.0000', '0.0000'),
('DIY05', 'GK03', 'JN01', 2020, '0', '0', '0', '0.0000', '0.0000'),
('DIY05', 'GK04', 'JN01', 2020, '0', '0', '0', '0.0000', '0.0000'),
('DIY05', 'GK05', 'JN01', 2020, '0', '0', '0', '0.0000', '0.0000'),
('DIY05', 'GK06', 'JN01', 2020, '0', '0', '0', '0.0000', '0.0000'),
('DIY05', 'GK07', 'JN01', 2020, '0', '0', '0', '0.0000', '0.0000'),
('DIY05', 'GK08', 'JN01', 2020, '0', '0', '0', '0.0000', '0.0000'),
('DIY05', 'GK09', 'JN01', 2020, '0', '0', '0', '0.0000', '0.0000'),
('DIY05', 'GK10', 'JN01', 2020, '0', '0', '0', '0.0000', '0.0000'),
('DIY05', 'GK11', 'JN01', 2020, '0', '0', '0', '0.0000', '0.0000'),
('DIY05', 'GK12', 'JN01', 2020, '0', '0', '0', '0.0000', '0.0000'),
('DIY05', 'GK13', 'JN01', 2020, '0', '0', '0', '0.0000', '0.0000'),
('DIY05', 'GK14', 'JN01', 2020, '0', '0', '0', '0.0000', '0.0000'),
('DIY05', 'GK15', 'JN01', 2020, '0', '0', '0', '0.0000', '0.0000'),
('DIY05', 'GK16', 'JN01', 2020, '0', '0', '0', '0.0000', '0.0000'),
('DIY05', 'GK17', 'JN01', 2020, '0', '0', '0', '0.0000', '0.0000'),
('DIY05', 'GK18', 'JN01', 2020, '0', '0', '0', '0.0000', '0.0000'),
('DIY03', 'BL01', 'JN01', 2019, '0', '728.3', '0', '0.0000', '0.0000'),
('DIY03', 'BL02', 'JN01', 2019, '0', '0', '0', '0.0000', '0.0000'),
('DIY03', 'BL03', 'JN01', 2019, '0', '1348', '0', '0.0000', '0.0000'),
('DIY03', 'BL04', 'JN01', 2019, '0', '0', '0', '0.0000', '0.0000'),
('DIY03', 'BL05', 'JN01', 2019, '0', '0', '0', '0.0000', '0.0000'),
('DIY03', 'BL06', 'JN01', 2019, '0', '1856', '0', '0.0000', '0.0000'),
('DIY03', 'BL07', 'JN01', 2019, '0', '1383', '0', '0.0000', '0.0000'),
('DIY03', 'BL08', 'JN01', 2019, '0', '2827.1', '0', '0.0000', '0.0000'),
('DIY03', 'BL09', 'JN01', 2019, '0', '0', '0', '0.0000', '0.0000'),
('DIY03', 'BL10', 'JN01', 2019, '0', '1531', '0', '0.0000', '0.0000'),
('DIY03', 'BL11', 'JN01', 2019, '0', '1081', '0', '0.0000', '0.0000'),
('DIY03', 'BL12', 'JN01', 2019, '0', '0', '0', '0.0000', '0.0000'),
('DIY03', 'BL13', 'JN01', 2019, '0', '0', '0', '0.0000', '0.0000'),
('DIY03', 'BL14', 'JN01', 2019, '0', '0', '0', '0.0000', '0.0000'),
('DIY03', 'BL15', 'JN01', 2019, '0', '948.8', '0', '0.0000', '0.0000'),
('DIY03', 'BL16', 'JN01', 2019, '0', '472', '0', '0.0000', '0.0000'),
('DIY03', 'BL17', 'JN01', 2019, '0', '1691.4', '0', '0.0000', '0.0000'),
('DIY03', 'BL01', 'JN01', 2020, '0', '0', '0', '0.0000', '0.0000'),
('DIY03', 'BL02', 'JN01', 2020, '0', '0', '0', '0.0000', '0.0000'),
('DIY03', 'BL03', 'JN01', 2020, '0', '0', '0', '0.0000', '0.0000'),
('DIY03', 'BL04', 'JN01', 2020, '0', '0', '0', '0.0000', '0.0000'),
('DIY03', 'BL05', 'JN01', 2020, '0', '0', '0', '0.0000', '0.0000'),
('DIY03', 'BL06', 'JN01', 2020, '0', '0', '0', '0.0000', '0.0000'),
('DIY03', 'BL07', 'JN01', 2020, '0', '0', '0', '0.0000', '0.0000'),
('DIY03', 'BL08', 'JN01', 2020, '0', '0', '0', '0.0000', '0.0000'),
('DIY03', 'BL09', 'JN01', 2020, '0', '0', '0', '0.0000', '0.0000'),
('DIY03', 'BL10', 'JN01', 2020, '0', '0', '0', '0.0000', '0.0000'),
('DIY03', 'BL11', 'JN01', 2020, '0', '0', '0', '0.0000', '0.0000'),
('DIY03', 'BL12', 'JN01', 2020, '0', '0', '0', '0.0000', '0.0000'),
('DIY03', 'BL13', 'JN01', 2020, '0', '0', '0', '0.0000', '0.0000'),
('DIY03', 'BL14', 'JN01', 2020, '0', '0', '0', '0.0000', '0.0000'),
('DIY03', 'BL15', 'JN01', 2020, '0', '0', '0', '0.0000', '0.0000'),
('DIY03', 'BL16', 'JN01', 2020, '0', '0', '0', '0.0000', '0.0000'),
('DIY03', 'BL17', 'JN01', 2020, '0', '0', '0', '0.0000', '0.0000'),
('DIY01', 'YK01', 'JN01', 2019, '0', '0', '0', '0.0000', '0.0000'),
('DIY01', 'YK02', 'JN01', 2019, '0', '0', '0', '0.0000', '0.0000'),
('DIY01', 'YK03', 'JN01', 2019, '0', '0', '0', '0.0000', '0.0000'),
('DIY01', 'YK04', 'JN01', 2019, '0', '0', '0', '0.0000', '0.0000'),
('DIY01', 'YK05', 'JN01', 2019, '0', '15', '101.55', '0.0000', '0.0000'),
('DIY01', 'YK06', 'JN01', 2019, '0', '0', '0', '0.0000', '0.0000'),
('DIY01', 'YK07', 'JN01', 2019, '0', '0', '0', '0.0000', '0.0000'),
('DIY01', 'YK08', 'JN01', 2019, '0', '0', '0', '0.0000', '0.0000'),
('DIY01', 'YK09', 'JN01', 2019, '0', '0', '0', '0.0000', '0.0000'),
('DIY01', 'YK10', 'JN01', 2019, '0', '0', '0', '0.0000', '0.0000'),
('DIY01', 'YK11', 'JN01', 2019, '0', '0', '0', '0.0000', '0.0000'),
('DIY01', 'YK12', 'JN01', 2019, '0', '0', '0', '0.0000', '0.0000'),
('DIY01', 'YK13', 'JN01', 2019, '0', '0', '0', '0.0000', '0.0000'),
('DIY01', 'YK14', 'JN01', 2019, '0', '0', '0', '0.0000', '0.0000'),
('DIY01', 'YK01', 'JN01', 2020, '0', '1', '0', '0.0000', '0.0000'),
('DIY01', 'YK02', 'JN01', 2020, '0', '0', '0', '0.0000', '0.0000'),
('DIY01', 'YK03', 'JN01', 2020, '0', '4', '0', '0.0000', '0.0000'),
('DIY01', 'YK04', 'JN01', 2020, '0', '32', '0', '0.0000', '0.0000'),
('DIY01', 'YK05', 'JN01', 2020, '0', '5', '0', '0.0000', '0.0000'),
('DIY01', 'YK06', 'JN01', 2020, '0', '0', '0', '0.0000', '0.0000'),
('DIY01', 'YK07', 'JN01', 2020, '0', '0', '0', '0.0000', '0.0000'),
('DIY01', 'YK08', 'JN01', 2020, '0', '0', '0', '0.0000', '0.0000'),
('DIY01', 'YK09', 'JN01', 2020, '0', '0', '0', '0.0000', '0.0000'),
('DIY01', 'YK10', 'JN01', 2020, '0', '0', '0', '0.0000', '0.0000'),
('DIY01', 'YK11', 'JN01', 2020, '0', '0', '0', '0.0000', '0.0000'),
('DIY01', 'YK12', 'JN01', 2020, '0', '0', '0', '0.0000', '0.0000'),
('DIY01', 'YK13', 'JN01', 2020, '0', '0', '0', '0.0000', '0.0000'),
('DIY01', 'YK14', 'JN01', 2020, '0', '10', '0', '0.0000', '0.0000');

-- --------------------------------------------------------

--
-- Struktur dari tabel `t_wilayah`
--

CREATE TABLE `t_wilayah` (
  `Id_Wilayah` varchar(5) CHARACTER SET latin1 NOT NULL,
  `Kab/Kota` varchar(12) DEFAULT NULL
) ENGINE=InnoDB DEFAULT CHARSET=utf8;

--
-- Dumping data untuk tabel `t_wilayah`
--

INSERT INTO `t_wilayah` (`Id_Wilayah`, `Kab/Kota`) VALUES
('DIY01', 'Yogyakarta'),
('DIY02', 'Sleman'),
('DIY03', 'Bantul'),
('DIY04', 'Kulon Progo'),
('DIY05', 'Gunung Kidul'),
('JT001', 'Magelang'),
('JT002', 'Klaten'),
('JT003', 'Purworejo');

--
-- Indexes for dumped tables
--

--
-- Indexes for table `t_jenis`
--
ALTER TABLE `t_jenis`
  ADD PRIMARY KEY (`Id_Jenis`);

--
-- Indexes for table `t_kecamatan`
--
ALTER TABLE `t_kecamatan`
  ADD PRIMARY KEY (`ID`);

--
-- Indexes for table `t_komoditas`
--
ALTER TABLE `t_komoditas`
  ADD PRIMARY KEY (`Id_Komuditas`);

--
-- Indexes for table `t_wilayah`
--
ALTER TABLE `t_wilayah`
  ADD PRIMARY KEY (`Id_Wilayah`);
COMMIT;

/*!40101 SET CHARACTER_SET_CLIENT=@OLD_CHARACTER_SET_CLIENT */;
/*!40101 SET CHARACTER_SET_RESULTS=@OLD_CHARACTER_SET_RESULTS */;
/*!40101 SET COLLATION_CONNECTION=@OLD_COLLATION_CONNECTION */;
