-- phpMyAdmin SQL Dump
-- version 4.7.0
-- https://www.phpmyadmin.net/
--
-- Host: 127.0.0.1
-- Generation Time: 05 Agu 2021 pada 07.10
-- Versi Server: 10.1.25-MariaDB
-- PHP Version: 5.6.31

SET SQL_MODE = "NO_AUTO_VALUE_ON_ZERO";
SET AUTOCOMMIT = 0;
START TRANSACTION;
SET time_zone = "+00:00";


/*!40101 SET @OLD_CHARACTER_SET_CLIENT=@@CHARACTER_SET_CLIENT */;
/*!40101 SET @OLD_CHARACTER_SET_RESULTS=@@CHARACTER_SET_RESULTS */;
/*!40101 SET @OLD_COLLATION_CONNECTION=@@COLLATION_CONNECTION */;
/*!40101 SET NAMES utf8mb4 */;

--
-- Database: `gis_projek`
--

-- --------------------------------------------------------

--
-- Struktur dari tabel `t_distribusi`
--

CREATE TABLE `t_distribusi` (
  `ID` varchar(4) NOT NULL,
  `Asal` varchar(100) NOT NULL,
  `Tujuan` varchar(100) NOT NULL,
  `Distributor` varchar(100) NOT NULL,
  `Tahun` int(11) NOT NULL,
  `Komoditas` varchar(100) NOT NULL,
  `Data_Produksi` int(11) NOT NULL,
  `Prosentase_Pengiriman` float NOT NULL
) ENGINE=InnoDB DEFAULT CHARSET=latin1;

-- --------------------------------------------------------

--
-- Struktur dari tabel `t_jalur`
--

CREATE TABLE `t_jalur` (
  `Asal` varchar(100) NOT NULL,
  `Harga_Asal` int(11) NOT NULL,
  `Tujuan` varchar(100) NOT NULL,
  `Harga_Tujuan` int(11) NOT NULL,
  `Distributor` varchar(100) NOT NULL,
  `Tahun` int(11) NOT NULL,
  `komoditas` varchar(100) NOT NULL,
  `Data_Produksi` float NOT NULL,
  `Prosentase_Pengiriman` float NOT NULL
) ENGINE=InnoDB DEFAULT CHARSET=latin1;

--
-- Dumping data untuk tabel `t_jalur`
--

INSERT INTO `t_jalur` (`Asal`, `Harga_Asal`, `Tujuan`, `Harga_Tujuan`, `Distributor`, `Tahun`, `komoditas`, `Data_Produksi`, `Prosentase_Pengiriman`) VALUES
('Tegal', 0, 'Yogyakarta', 0, 'Petani', 2021, 'Beras', 0, 0),
('Tegal', 5000, 'Yogyakarta', 6000, 'Pengepul', 2021, 'Jagung', 0, 0);

-- --------------------------------------------------------

--
-- Struktur dari tabel `t_jenis`
--

CREATE TABLE `t_jenis` (
  `idKomuditas` varchar(6) CHARACTER SET latin1 NOT NULL,
  `Id_Jenis` varchar(4) CHARACTER SET latin1 NOT NULL,
  `Jenis` varchar(27) DEFAULT NULL
) ENGINE=InnoDB DEFAULT CHARSET=utf8;

--
-- Dumping data untuk tabel `t_jenis`
--

INSERT INTO `t_jenis` (`idKomuditas`, `Id_Jenis`, `Jenis`) VALUES
('', 'JN01', 'Padi / Beras'),
('', 'JN02', 'Jagung'),
('', 'JN03', 'Ubi Kayu'),
('', 'JN04', 'Bawang Merah'),
('', 'JN05', 'Cabai'),
('', 'JN06', 'Cabai Merah Besar'),
('', 'JN07', 'Cabai Rawit'),
('', 'JN08', 'Tebu'),
('', 'JN09', 'Daging Ayam (Ayam Pedaging)'),
('', 'JN10', 'Daging Sapi (Sapi Potong)'),
('', 'JN11', 'Telur Ayam (Banyak Telur)');

-- --------------------------------------------------------

--
-- Struktur dari tabel `t_kecamatan`
--

CREATE TABLE `t_kecamatan` (
  `Id_Wilayah` varchar(5) CHARACTER SET latin1 DEFAULT NULL,
  `ID` varchar(4) CHARACTER SET latin1 NOT NULL,
  `Kecamatan` varchar(14) DEFAULT NULL
) ENGINE=InnoDB DEFAULT CHARSET=utf8;

--
-- Dumping data untuk tabel `t_kecamatan`
--

INSERT INTO `t_kecamatan` (`Id_Wilayah`, `ID`, `Kecamatan`) VALUES
('DIY03', 'BL01', 'Srandakan'),
('DIY03', 'BL02', 'Sanden'),
('DIY03', 'BL03', 'Kretek'),
('DIY03', 'BL04', 'Pundong'),
('DIY03', 'BL05', 'Bambanglipuro'),
('DIY03', 'BL06', 'Pandak'),
('DIY03', 'BL07', 'Bantul'),
('DIY03', 'BL08', 'Jetis'),
('DIY03', 'BL09', 'Imogiri'),
('DIY03', 'BL10', 'Dlingo'),
('DIY03', 'BL11', 'Pleret'),
('DIY03', 'BL12', 'Piyungan'),
('DIY03', 'BL13', 'Banguntapan'),
('DIY03', 'BL14', 'Sewon'),
('DIY03', 'BL15', 'Kasihan'),
('DIY03', 'BL16', 'Pajangan'),
('DIY03', 'BL17', 'Sedayu'),
('DIY05', 'GK01', 'Panggang'),
('DIY05', 'GK02', 'Purwosari'),
('DIY05', 'GK03', 'Paliyan'),
('DIY05', 'GK04', 'Saptosari'),
('DIY05', 'GK05', 'Tepus'),
('DIY05', 'GK06', 'Tanjungsari'),
('DIY05', 'GK07', 'Rongkop'),
('DIY05', 'GK08', 'Girisubo'),
('DIY05', 'GK09', 'Semanu'),
('DIY05', 'GK10', 'Ponjong'),
('DIY05', 'GK11', 'Karangmojo'),
('DIY05', 'GK12', 'Wonosari'),
('DIY05', 'GK13', 'Playen'),
('DIY05', 'GK14', 'Patuk'),
('DIY05', 'GK15', 'Gedangsari'),
('DIY05', 'GK16', 'Nglipar'),
('DIY05', 'GK17', 'Ngawen'),
('DIY05', 'GK18', 'Semin'),
('JT002', 'KL01', 'Prambanan'),
('JT002', 'KL02', 'Gantiwarno'),
('JT002', 'KL03', 'Wedi'),
('JT002', 'KL04', 'Bayat'),
('JT002', 'KL05', 'Cawas'),
('JT002', 'KL06', 'Trucuk'),
('JT002', 'KL07', 'Kalikotes'),
('JT002', 'KL08', 'Kebonarum'),
('JT002', 'KL09', 'Jogonalan'),
('JT002', 'KL10', 'Manisrenggo'),
('JT002', 'KL11', 'Karangnongko'),
('JT002', 'KL12', 'Ngawen'),
('JT002', 'KL13', 'Ceper'),
('JT002', 'KL14', 'Pedan'),
('JT002', 'KL15', 'Karangdowo'),
('JT002', 'KL16', 'Juwiring'),
('JT002', 'KL17', 'Wonosari'),
('JT002', 'KL18', 'Delanggu'),
('JT002', 'KL19', 'Polanharjo'),
('JT002', 'KL20', 'Karanganom'),
('JT002', 'KL21', 'Tulung'),
('JT002', 'KL22', 'Jatinom'),
('JT002', 'KL23', 'Kemalang'),
('JT002', 'KL24', 'Klaten Selatan'),
('JT002', 'KL25', 'Klaten Tengah'),
('JT002', 'KL26', 'Klaten Utara'),
('DIY04', 'KP01', 'Temon'),
('DIY04', 'KP02', 'Wates'),
('DIY04', 'KP03', 'Panjatan'),
('DIY04', 'KP04', 'Galur '),
('DIY04', 'KP05', 'Lendah'),
('DIY04', 'KP06', 'Sentolo'),
('DIY04', 'KP07', 'Pengasih'),
('DIY04', 'KP08', 'Kokap'),
('DIY04', 'KP09', 'Girimulyo'),
('DIY04', 'KP10', 'Nnaggulan'),
('DIY04', 'KP11', 'Samigaluh'),
('DIY04', 'KP12', 'Kalibawang '),
('JT01', 'MG01', 'Salaman'),
('JT01', 'MG02', 'Borobudur'),
('JT01', 'MG03', 'Ngluwar'),
('JT01', 'MG04', 'Salam'),
('JT01', 'MG05', 'Srumbung'),
('JT01', 'MG06', 'Dukun'),
('JT01', 'MG07', 'Muntilan'),
('JT01', 'MG08', 'Mungkid'),
('JT01', 'MG09', 'Sawangan'),
('JT01', 'MG10', 'Candimulyo'),
('JT01', 'MG11', 'Mertoyudan'),
('JT01', 'MG12', 'Tempuran'),
('JT01', 'MG13', 'Kajoran'),
('JT01', 'MG14', 'Kaliangkrik'),
('JT01', 'MG15', 'Bandongan'),
('JT01', 'MG16', 'Windusari'),
('JT01', 'MG17', 'Secang'),
('JT01', 'MG18', 'Tegalrejo'),
('JT01', 'MG19', 'Pakis'),
('JT01', 'MG20', 'Grabag'),
('JT01', 'MG21', 'Ngablak'),
('JT003', 'PR01', 'Grabag'),
('JT003', 'PR02', 'Ngombol'),
('JT003', 'PR03', 'Purwodadi'),
('JT003', 'PR04', 'Bagelen'),
('JT003', 'PR05', 'Kaligesing'),
('JT003', 'PR06', 'Purworejo'),
('JT003', 'PR07', 'Banyuurip'),
('JT003', 'PR08', 'Bayan'),
('JT003', 'PR09', 'Kutoarjo'),
('JT003', 'PR10', 'Butuh'),
('JT003', 'PR11', 'Pituruh'),
('JT003', 'PR12', 'Kemiri'),
('JT003', 'PR13', 'Bruno'),
('JT003', 'PR14', 'Gebang'),
('JT003', 'PR15', 'Loano'),
('JT003', 'PR16', 'Bener'),
('DIY02', 'SL01', 'Moyudan'),
('DIY02', 'SL02', 'Minggir'),
('DIY02', 'SL03', 'Seyegan'),
('DIY02', 'SL04', 'Godean'),
('DIY02', 'SL05', 'Gamping'),
('DIY02', 'SL06', 'Mlati'),
('DIY02', 'SL07', 'Depok'),
('DIY02', 'SL08', 'Berbah'),
('DIY02', 'SL09', 'Prambanan'),
('DIY02', 'SL10', 'Kalasan'),
('DIY02', 'SL11', 'Ngemplak'),
('DIY02', 'SL12', 'Ngaglik'),
('DIY02', 'SL13', 'Sleman'),
('DIY02', 'SL14', 'Tempel'),
('DIY02', 'SL15', 'Turi'),
('DIY02', 'SL16', 'Pakem'),
('DIY02', 'SL17', 'Cangkringan'),
('DIY01', 'YK01', 'Mantijeron'),
('DIY01', 'YK02', 'Kraton'),
('DIY01', 'YK03', 'Margangsan'),
('DIY01', 'YK04', 'Umbulharjo'),
('DIY01', 'YK05', 'Kotagede'),
('DIY01', 'YK06', 'Gondokusuman'),
('DIY01', 'YK07', 'Danurejan'),
('DIY01', 'YK08', 'Pakualaman'),
('DIY01', 'YK09', 'Gondomanan'),
('DIY01', 'YK10', 'Ngampilan'),
('DIY01', 'YK11', 'Wirobrajan'),
('DIY01', 'YK12', 'Gedongtengen'),
('DIY01', 'YK13', 'Jetis'),
('DIY01', 'YK14', 'Tegalrejo');

-- --------------------------------------------------------

--
-- Struktur dari tabel `t_kmd`
--

CREATE TABLE `t_kmd` (
  `Id_Wilayah` varchar(5) CHARACTER SET latin1 DEFAULT NULL,
  `ID` varchar(4) CHARACTER SET latin1 DEFAULT NULL,
  `Id_Jenis` varchar(4) CHARACTER SET latin1 DEFAULT NULL,
  `Tahun` int(4) DEFAULT NULL,
  `Luas_Lahan_Tanam` varchar(10) DEFAULT NULL,
  `Luas_Aktivitas_Tanam` varchar(10) DEFAULT NULL,
  `Jumlah_Produktivitas` varchar(11) DEFAULT NULL,
  `Rata_Rata_Produktivitas_Produk` decimal(10,4) DEFAULT NULL,
  `Rata_Rata_Produktivitas_Lahan` decimal(10,4) DEFAULT NULL
) ENGINE=InnoDB DEFAULT CHARSET=utf8;

--
-- Dumping data untuk tabel `t_kmd`
--

INSERT INTO `t_kmd` (`Id_Wilayah`, `ID`, `Id_Jenis`, `Tahun`, `Luas_Lahan_Tanam`, `Luas_Aktivitas_Tanam`, `Jumlah_Produktivitas`, `Rata_Rata_Produktivitas_Produk`, `Rata_Rata_Produktivitas_Lahan`) VALUES
('JT001', 'MG01', 'JN01', 2019, '0', '0', '0', '0.0000', '0.0000'),
('JT001', 'MG02', 'JN01', 2019, '0', '0', '0', '0.0000', '0.0000'),
('JT001', 'MG03', 'JN01', 2019, '0', '0', '0', '0.0000', '0.0000'),
('JT001', 'MG04', 'JN01', 2019, '2542.80', '2598.60', '0', '0.0000', '1.0200'),
('JT001', 'MG05', 'JN01', 2019, '2894.30', '2686.40', '0', '0.0000', '0.9300'),
('JT001', 'MG06', 'JN01', 2019, '4761.00', '38811.27', '0', '0.0000', '8.1500'),
('JT001', 'MG07', 'JN01', 2019, '2875.10', '3433.80', '0', '0.0000', '1.1900'),
('JT001', 'MG08', 'JN01', 2019, '0', '0', '0', '0.0000', '0.0000'),
('JT001', 'MG09', 'JN01', 2019, '0', '122.00', '871.08', '0.0000', '0.0000'),
('JT001', 'MG10', 'JN01', 2019, '0', '0', '0', '0.0000', '0.0000'),
('JT001', 'MG11', 'JN01', 2019, '0', '0', '0', '0.0000', '0.0000'),
('JT001', 'MG12', 'JN01', 2019, '0', '0', '0', '0.0000', '0.0000'),
('JT001', 'MG13', 'JN01', 2019, '0', '0', '0', '0.0000', '0.0000'),
('JT001', 'MG14', 'JN01', 2019, '0', '0', '0', '0.0000', '0.0000'),
('JT001', 'MG15', 'JN01', 2019, '0', '0', '0', '0.0000', '0.0000'),
('JT001', 'MG16', 'JN01', 2019, '0', '0', '0', '0.0000', '0.0000'),
('JT001', 'MG17', 'JN01', 2019, '0', '0', '0', '0.0000', '0.0000'),
('JT001', 'MG18', 'JN01', 2019, '0', '0', '0', '0.0000', '0.0000'),
('JT001', 'MG19', 'JN01', 2019, '0', '0', '0', '0.0000', '0.0000'),
('JT001', 'MG20', 'JN01', 2019, '0', '0', '0', '0.0000', '0.0000'),
('JT001', 'MG21', 'JN01', 2019, '0', '0', '0', '0.0000', '0.0000'),
('JT001', 'MG01', 'JN01', 2020, '4481.7', '4182.3', '0', '0.0000', '0.9300'),
('JT001', 'MG02', 'JN01', 2020, '0', '0', '0', '0.0000', '0.0000'),
('JT001', 'MG03', 'JN01', 2020, '1937.1', '2177', '0', '0.0000', '1.1200'),
('JT001', 'MG04', 'JN01', 2020, '2200.00', '2394.60', '0', '0.0000', '1.0900'),
('JT001', 'MG05', 'JN01', 2020, '2478.20', '2478.20', '0', '0.0000', '1.0000'),
('JT001', 'MG06', 'JN01', 2020, '3014.70', '3172.80', '0', '0.0000', '1.0500'),
('JT001', 'MG07', 'JN01', 2020, '45.20', '37.50', '0', '0.0000', '0.8300'),
('JT001', 'MG08', 'JN01', 2020, '4683.1', '4951', '0', '0.0000', '1.0600'),
('JT001', 'MG09', 'JN01', 2020, '3829.9', '3987.80', '0', '0.0000', '1.0400'),
('JT001', 'MG10', 'JN01', 2020, '2194.1', '2200.8', '0', '0.0000', '1.0000'),
('JT001', 'MG11', 'JN01', 2020, '3275.8', '3356.7', '0', '0.0000', '1.0200'),
('JT001', 'MG12', 'JN01', 2020, '3776.9', '4403.6', '0', '0.0000', '1.1700'),
('JT001', 'MG13', 'JN01', 2020, '5668.3', '5863.8', '0', '0.0000', '1.0300'),
('JT001', 'MG14', 'JN01', 2020, '2858.5', '3263.2', '0', '0.0000', '1.1400'),
('JT001', 'MG15', 'JN01', 2020, '196', '233.6', '0', '0.0000', '1.1900'),
('JT001', 'MG16', 'JN01', 2020, '4237.1', '4227.5', '0', '0.0000', '1.0000'),
('JT001', 'MG17', 'JN01', 2020, '5061.5', '5138.5', '0', '0.0000', '1.0200'),
('JT001', 'MG18', 'JN01', 2020, '1537.3', '2241.3', '0', '0.0000', '1.4600'),
('JT001', 'MG19', 'JN01', 2020, '119.4', '131.1', '0', '0.0000', '1.1000'),
('JT001', 'MG20', 'JN01', 2020, '57.58', '59.24', '0', '0.0000', '1.0300'),
('JT001', 'MG21', 'JN01', 2020, '0', '0', '0', '0.0000', '0.0000'),
('DIY02', 'SL01', 'JN01', 2019, ' 1,268.00 ', ' 3,315.00 ', ' 1,670.50 ', '1.3174', '2.6144'),
('DIY02', 'SL02', 'JN01', 2019, ' 3,495.00 ', ' 3,515.00 ', ' 1,811.80 ', '0.5184', '1.0057'),
('DIY02', 'SL03', 'JN01', 2019, '0', ' 2,954.00 ', ' 16,020.00 ', '0.0000', '0.0000'),
('DIY02', 'SL04', 'JN01', 2019, ' 3,392.67 ', ' 3,355.00 ', ' 18,532.91 ', '5.4626', '0.9889'),
('DIY02', 'SL05', 'JN01', 2019, ' 2,627.70 ', ' 2,562.00 ', ' 14,098.38 ', '5.3653', '0.9750'),
('DIY02', 'SL06', 'JN01', 2019, ' 2,034.31 ', ' 2,138.00 ', ' 11,568.39 ', '5.6866', '1.0510'),
('DIY02', 'SL07', 'JN01', 2019, '0', ' 1,024.00 ', ' 561.70 ', '0.0000', '0.0000'),
('DIY02', 'SL08', 'JN01', 2019, '0', ' 2,568.00 ', ' 14,086.00 ', '0.0000', '0.0000'),
('DIY02', 'SL09', 'JN01', 2019, ' 2,776.00 ', ' 3,122.00 ', ' 1,656.70 ', '0.5968', '1.1246'),
('DIY02', 'SL10', 'JN01', 2019, ' 2,695.00 ', ' 3,135.00 ', ' 17.03 ', '0.0063', '1.1633'),
('DIY02', 'SL11', 'JN01', 2019, ' 3,816.00 ', ' 3,866.00 ', ' 21,082.00 ', '5.5246', '1.0131'),
('DIY02', 'SL12', 'JN01', 2019, ' 320.40 ', ' 3,128.60 ', ' 1,678.19 ', '5.2378', '9.7647'),
('DIY02', 'SL13', 'JN01', 2019, ' 2,890.00 ', ' 2,947.00 ', ' 1,574.30 ', '0.5447', '1.0197'),
('DIY02', 'SL14', 'JN01', 2019, '0', ' 2,095.00 ', ' 11,076.55 ', '0.0000', '0.0000'),
('DIY02', 'SL15', 'JN01', 2019, '0', ' 805.00 ', ' 4,231.15 ', '0.0000', '0.0000'),
('DIY02', 'SL16', 'JN01', 2019, ' 2,597.00 ', ' 2,597.00 ', ' 16,186.00 ', '6.2326', '1.0000'),
('DIY02', 'SL17', 'JN01', 2019, ' 2,725.00 ', ' 2,940.00 ', ' 15,084.00 ', '5.5354', '1.0789'),
('DIY02', 'SL01', 'JN01', 2020, '0', '0', '0', '0.0000', '0.0000'),
('DIY02', 'SL02', 'JN01', 2020, '0', '0', '0', '0.0000', '0.0000'),
('DIY02', 'SL03', 'JN01', 2020, '0', ' 2,745.00 ', ' 15,770.57 ', '0.0000', '0.0000'),
('DIY02', 'SL04', 'JN01', 2020, '0', '0', '0', '0.0000', '0.0000'),
('DIY02', 'SL05', 'JN01', 2020, ' 2,474.00 ', ' 2,480.00 ', ' 16,084.00 ', '6.5012', '1.0024'),
('DIY02', 'SL06', 'JN01', 2020, ' 1,652.00 ', ' 1,845.00 ', ' 1,138.90 ', '0.6894', '1.1168'),
('DIY02', 'SL07', 'JN01', 2020, '0', '0', '0', '0.0000', '0.0000'),
('DIY02', 'SL08', 'JN01', 2020, '0', '0', '0', '0.0000', '0.0000'),
('DIY02', 'SL09', 'JN01', 2020, ' 3,076.00 ', ' 3,027.00 ', ' 15,899.89 ', '5.1690', '0.9841'),
('DIY02', 'SL10', 'JN01', 2020, '0', '0', '0', '0.0000', '0.0000'),
('DIY02', 'SL11', 'JN01', 2020, ' 3,648.00 ', ' 3,537.00 ', ' 2,479.44 ', '0.6797', '0.9696'),
('DIY02', 'SL12', 'JN01', 2020, ' 1,957.10 ', ' 2,359.20 ', ' 1,452.10 ', '0.7420', '1.2055'),
('DIY02', 'SL13', 'JN01', 2020, ' 1,744.00 ', ' 266.00 ', ' 1,622.60 ', '0.9304', '0.1525'),
('DIY02', 'SL14', 'JN01', 2020, '0', ' 2,085.00 ', ' 12,805.00 ', '0.0000', '0.0000'),
('DIY02', 'SL15', 'JN01', 2020, '0', '0', '0', '0.0000', '0.0000'),
('DIY02', 'SL16', 'JN01', 2020, '0', '0', '0', '0.0000', '0.0000'),
('DIY02', 'SL17', 'JN01', 2020, ' 2,321.00 ', ' 2,395.00 ', ' 13,850.00 ', '5.9673', '1.0319'),
('DIY04', 'KP01', 'JN01', 2020, '0', '0', '0', '0.0000', '0.0000'),
('DIY04', 'KP02', 'JN01', 2020, '0', '0', '0', '0.0000', '0.0000'),
('DIY04', 'KP03', 'JN01', 2020, '0', '0', '0', '0.0000', '0.0000'),
('DIY04', 'KP04', 'JN01', 2020, '0', '0', '0', '0.0000', '0.0000'),
('DIY04', 'KP05', 'JN01', 2020, '0', '0', '0', '0.0000', '0.0000'),
('DIY04', 'KP06', 'JN01', 2020, '0', '0', '0', '0.0000', '0.0000'),
('DIY04', 'KP07', 'JN01', 2020, '0', '0', '0', '0.0000', '0.0000'),
('DIY04', 'KP08', 'JN01', 2020, '0', '0', '0', '0.0000', '0.0000'),
('DIY04', 'KP09', 'JN01', 2020, '0', '0', '0', '0.0000', '0.0000'),
('DIY04', 'KP10', 'JN01', 2020, '0', '0', '0', '0.0000', '0.0000'),
('DIY04', 'KP11', 'JN01', 2020, '0', '0', '0', '0.0000', '0.0000'),
('DIY04', 'KP12', 'JN01', 2020, '0', '0', '0', '0.0000', '0.0000'),
('JT003', 'PR01', 'JN01', 2019, '49', '0', '0', '0.0000', '0.0000'),
('JT003', 'PR02', 'JN01', 2019, '3', '0', '0', '0.0000', '0.0000'),
('JT003', 'PR03', 'JN01', 2019, '68.5', '0', '0', '0.0000', '0.0000'),
('JT003', 'PR04', 'JN01', 2019, '943', '0', '0', '0.0000', '0.0000'),
('JT003', 'PR05', 'JN01', 2019, '10', '0', '0', '0.0000', '0.0000'),
('JT003', 'PR06', 'JN01', 2019, '0', '0', '0', '0.0000', '0.0000'),
('JT003', 'PR07', 'JN01', 2019, '0', '0', '0', '0.0000', '0.0000'),
('JT003', 'PR08', 'JN01', 2019, '11', '0', '0', '0.0000', '0.0000'),
('JT003', 'PR09', 'JN01', 2019, '4', '0', '0', '0.0000', '0.0000'),
('JT003', 'PR10', 'JN01', 2019, '0', '0', '0', '0.0000', '0.0000'),
('JT003', 'PR11', 'JN01', 2019, '71', '0', '0', '0.0000', '0.0000'),
('JT003', 'PR12', 'JN01', 2019, '844', '0', '0', '0.0000', '0.0000'),
('JT003', 'PR13', 'JN01', 2019, '314', '0', '0', '0.0000', '0.0000'),
('JT003', 'PR14', 'JN01', 2019, '67', '0', '0', '0.0000', '0.0000'),
('JT003', 'PR15', 'JN01', 2019, '30', '0', '0', '0.0000', '0.0000'),
('JT003', 'PR16', 'JN01', 2019, '173.75', '0', '0', '0.0000', '0.0000'),
('JT003', 'PR01', 'JN01', 2020, '0', '0', '0', '0.0000', '0.0000'),
('JT003', 'PR02', 'JN01', 2020, '0', '0', '0', '0.0000', '0.0000'),
('JT003', 'PR03', 'JN01', 2020, '0', '0', '0', '0.0000', '0.0000'),
('JT003', 'PR04', 'JN01', 2020, '0', '0', '0', '0.0000', '0.0000'),
('JT003', 'PR05', 'JN01', 2020, '0', '0', '0', '0.0000', '0.0000'),
('JT003', 'PR06', 'JN01', 2020, '0', '0', '0', '0.0000', '0.0000'),
('JT003', 'PR07', 'JN01', 2020, '0', '0', '0', '0.0000', '0.0000'),
('JT003', 'PR08', 'JN01', 2020, '0', '0', '0', '0.0000', '0.0000'),
('JT003', 'PR09', 'JN01', 2020, '0', '0', '0', '0.0000', '0.0000'),
('JT003', 'PR10', 'JN01', 2020, '0', '0', '0', '0.0000', '0.0000'),
('JT003', 'PR11', 'JN01', 2020, '0', '0', '0', '0.0000', '0.0000'),
('JT003', 'PR12', 'JN01', 2020, '0', '0', '0', '0.0000', '0.0000'),
('JT003', 'PR13', 'JN01', 2020, '0', '0', '0', '0.0000', '0.0000'),
('JT003', 'PR14', 'JN01', 2020, '0', '0', '0', '0.0000', '0.0000'),
('JT003', 'PR15', 'JN01', 2020, '0', '0', '0', '0.0000', '0.0000'),
('JT003', 'PR16', 'JN01', 2020, '0', '0', '0', '0.0000', '0.0000'),
('JT002', 'KL01', 'JN01', 2019, '0', '2079', '6.99', '0.0000', '0.0000'),
('JT002', 'KL02', 'JN01', 2019, '0', '2613', '6.47', '0.0000', '0.0000'),
('JT002', 'KL03', 'JN01', 2019, '0', '2889', '6.56', '0.0000', '0.0000'),
('JT002', 'KL04', 'JN01', 2019, '0', '1099', '6.23', '0.0000', '0.0000'),
('JT002', 'KL05', 'JN01', 2019, '0', '4144', '7.19', '0.0000', '0.0000'),
('JT002', 'KL06', 'JN01', 2019, '0', '3742', '6.48', '0.0000', '0.0000'),
('JT002', 'KL07', 'JN01', 2019, '0', '1235', '6.66', '0.0000', '0.0000'),
('JT002', 'KL08', 'JN01', 2019, '0', '1752', '7.09', '0.0000', '0.0000'),
('JT002', 'KL09', 'JN01', 2019, '0', '3128', '6.53', '0.0000', '0.0000'),
('JT002', 'KL10', 'JN01', 2019, '0', '2581', '6.9', '0.0000', '0.0000'),
('JT002', 'KL11', 'JN01', 2019, '0', '2180', '6.73', '0.0000', '0.0000'),
('JT002', 'KL12', 'JN01', 2019, '0', '3085', '6.77', '0.0000', '0.0000'),
('JT002', 'KL13', 'JN01', 2019, '0', '2759', '6.71', '0.0000', '0.0000'),
('JT002', 'KL14', 'JN01', 2019, '0', '1621', '6.64', '0.0000', '0.0000'),
('JT002', 'KL15', 'JN01', 2019, '0', '4479', '7.39', '0.0000', '0.0000'),
('JT002', 'KL16', 'JN01', 2019, '0', '4824', '6.58', '0.0000', '0.0000'),
('JT002', 'KL17', 'JN01', 2019, '0', '5567', '6.59', '0.0000', '0.0000'),
('JT002', 'KL18', 'JN01', 2019, '0', '3915', '7.16', '0.0000', '0.0000'),
('JT002', 'KL19', 'JN01', 2019, '0', '5377', '6.88', '0.0000', '0.0000'),
('JT002', 'KL20', 'JN01', 2019, '0', '3376', '6.28', '0.0000', '0.0000'),
('JT002', 'KL21', 'JN01', 2019, '0', '2743', '6.44', '0.0000', '0.0000'),
('JT002', 'KL22', 'JN01', 2019, '0', '1141', '7.02', '0.0000', '0.0000'),
('JT002', 'KL23', 'JN01', 2019, '0', '100', '6.33', '0.0000', '0.0000'),
('JT002', 'KL24', 'JN01', 2019, '0', '1789', '6.65', '0.0000', '0.0000'),
('JT002', 'KL25', 'JN01', 2019, '0', '714', '6.56', '0.0000', '0.0000'),
('JT002', 'KL26', 'JN01', 2019, '0', '627', '6.78', '0.0000', '0.0000'),
('JT002', 'KL01', 'JN01', 2020, '3', '0', '0', '0.0000', '0.0000'),
('JT002', 'KL02', 'JN01', 2020, '173.63', '0', '0', '0.0000', '0.0000'),
('JT002', 'KL03', 'JN01', 2020, '55', '0', '0', '0.0000', '0.0000'),
('JT002', 'KL04', 'JN01', 2020, '18', '0', '0', '0.0000', '0.0000'),
('JT002', 'KL05', 'JN01', 2020, '0', '0', '0', '0.0000', '0.0000'),
('JT002', 'KL06', 'JN01', 2020, '0', '0', '0', '0.0000', '0.0000'),
('JT002', 'KL07', 'JN01', 2020, '28.6', '0', '0', '0.0000', '0.0000'),
('JT002', 'KL08', 'JN01', 2020, '0', '0', '0', '0.0000', '0.0000'),
('JT002', 'KL09', 'JN01', 2020, '49.6', '0', '0', '0.0000', '0.0000'),
('JT002', 'KL10', 'JN01', 2020, '5', '0', '0', '0.0000', '0.0000'),
('JT002', 'KL11', 'JN01', 2020, '4', '0', '0', '0.0000', '0.0000'),
('JT002', 'KL12', 'JN01', 2020, '2', '0', '0', '0.0000', '0.0000'),
('JT002', 'KL13', 'JN01', 2020, '52.33', '0', '0', '0.0000', '0.0000'),
('JT002', 'KL14', 'JN01', 2020, '24.91', '0', '0', '0.0000', '0.0000'),
('JT002', 'KL15', 'JN01', 2020, '0', '0', '0', '0.0000', '0.0000'),
('JT002', 'KL16', 'JN01', 2020, '8.98', '0', '0', '0.0000', '0.0000'),
('JT002', 'KL17', 'JN01', 2020, '42', '0', '0', '0.0000', '0.0000'),
('JT002', 'KL18', 'JN01', 2020, '8.64', '0', '0', '0.0000', '0.0000'),
('JT002', 'KL19', 'JN01', 2020, '0', '0', '0', '0.0000', '0.0000'),
('JT002', 'KL20', 'JN01', 2020, '0', '0', '0', '0.0000', '0.0000'),
('JT002', 'KL21', 'JN01', 2020, '2', '0', '0', '0.0000', '0.0000'),
('JT002', 'KL22', 'JN01', 2020, '48.38', '0', '0', '0.0000', '0.0000'),
('JT002', 'KL23', 'JN01', 2020, '0', '0', '0', '0.0000', '0.0000'),
('JT002', 'KL24', 'JN01', 2020, '6.6', '0', '0', '0.0000', '0.0000'),
('JT002', 'KL25', 'JN01', 2020, '3.12', '0', '0', '0.0000', '0.0000'),
('JT002', 'KL26', 'JN01', 2020, '1.2', '0', '0', '0.0000', '0.0000'),
('DIY05', 'GK01', 'JN01', 2019, '0', '0', '0', '0.0000', '0.0000'),
('DIY05', 'GK02', 'JN01', 2019, '0', '0', '0', '0.0000', '0.0000'),
('DIY05', 'GK03', 'JN01', 2019, '0', '0', '0', '0.0000', '0.0000'),
('DIY05', 'GK04', 'JN01', 2019, '0', '0', '0', '0.0000', '0.0000'),
('DIY05', 'GK05', 'JN01', 2019, '0', '0', '0', '0.0000', '0.0000'),
('DIY05', 'GK06', 'JN01', 2019, '0', '0', '0', '0.0000', '0.0000'),
('DIY05', 'GK07', 'JN01', 2019, '0', '0', '0', '0.0000', '0.0000'),
('DIY05', 'GK08', 'JN01', 2019, '0', '0', '0', '0.0000', '0.0000'),
('DIY05', 'GK09', 'JN01', 2019, '0', '0', '0', '0.0000', '0.0000'),
('DIY05', 'GK10', 'JN01', 2019, '0', '0', '0', '0.0000', '0.0000'),
('DIY05', 'GK11', 'JN01', 2019, '0', '0', '0', '0.0000', '0.0000'),
('DIY05', 'GK12', 'JN01', 2019, '0', '0', '0', '0.0000', '0.0000'),
('DIY05', 'GK13', 'JN01', 2019, '0', '0', '0', '0.0000', '0.0000'),
('DIY05', 'GK14', 'JN01', 2019, '0', '0', '0', '0.0000', '0.0000'),
('DIY05', 'GK15', 'JN01', 2019, '0', '0', '0', '0.0000', '0.0000'),
('DIY05', 'GK16', 'JN01', 2019, '0', '0', '0', '0.0000', '0.0000'),
('DIY05', 'GK17', 'JN01', 2019, '0', '0', '0', '0.0000', '0.0000'),
('DIY05', 'GK18', 'JN01', 2019, '0', '0', '0', '0.0000', '0.0000'),
('DIY05', 'GK01', 'JN01', 2020, '0', '0', '0', '0.0000', '0.0000'),
('DIY05', 'GK02', 'JN01', 2020, '0', '0', '0', '0.0000', '0.0000'),
('DIY05', 'GK03', 'JN01', 2020, '0', '0', '0', '0.0000', '0.0000'),
('DIY05', 'GK04', 'JN01', 2020, '0', '0', '0', '0.0000', '0.0000'),
('DIY05', 'GK05', 'JN01', 2020, '0', '0', '0', '0.0000', '0.0000'),
('DIY05', 'GK06', 'JN01', 2020, '0', '0', '0', '0.0000', '0.0000'),
('DIY05', 'GK07', 'JN01', 2020, '0', '0', '0', '0.0000', '0.0000'),
('DIY05', 'GK08', 'JN01', 2020, '0', '0', '0', '0.0000', '0.0000'),
('DIY05', 'GK09', 'JN01', 2020, '0', '0', '0', '0.0000', '0.0000'),
('DIY05', 'GK10', 'JN01', 2020, '0', '0', '0', '0.0000', '0.0000'),
('DIY05', 'GK11', 'JN01', 2020, '0', '0', '0', '0.0000', '0.0000'),
('DIY05', 'GK12', 'JN01', 2020, '0', '0', '0', '0.0000', '0.0000'),
('DIY05', 'GK13', 'JN01', 2020, '0', '0', '0', '0.0000', '0.0000'),
('DIY05', 'GK14', 'JN01', 2020, '0', '0', '0', '0.0000', '0.0000'),
('DIY05', 'GK15', 'JN01', 2020, '0', '0', '0', '0.0000', '0.0000'),
('DIY05', 'GK16', 'JN01', 2020, '0', '0', '0', '0.0000', '0.0000'),
('DIY05', 'GK17', 'JN01', 2020, '0', '0', '0', '0.0000', '0.0000'),
('DIY05', 'GK18', 'JN01', 2020, '0', '0', '0', '0.0000', '0.0000'),
('DIY03', 'BL01', 'JN01', 2019, '0', '728.3', '0', '0.0000', '0.0000'),
('DIY03', 'BL02', 'JN01', 2019, '0', '0', '0', '0.0000', '0.0000'),
('DIY03', 'BL03', 'JN01', 2019, '0', '1348', '0', '0.0000', '0.0000'),
('DIY03', 'BL04', 'JN01', 2019, '0', '0', '0', '0.0000', '0.0000'),
('DIY03', 'BL05', 'JN01', 2019, '0', '0', '0', '0.0000', '0.0000'),
('DIY03', 'BL06', 'JN01', 2019, '0', '1856', '0', '0.0000', '0.0000'),
('DIY03', 'BL07', 'JN01', 2019, '0', '1383', '0', '0.0000', '0.0000'),
('DIY03', 'BL08', 'JN01', 2019, '0', '2827.1', '0', '0.0000', '0.0000'),
('DIY03', 'BL09', 'JN01', 2019, '0', '0', '0', '0.0000', '0.0000'),
('DIY03', 'BL10', 'JN01', 2019, '0', '1531', '0', '0.0000', '0.0000'),
('DIY03', 'BL11', 'JN01', 2019, '0', '1081', '0', '0.0000', '0.0000'),
('DIY03', 'BL12', 'JN01', 2019, '0', '0', '0', '0.0000', '0.0000'),
('DIY03', 'BL13', 'JN01', 2019, '0', '0', '0', '0.0000', '0.0000'),
('DIY03', 'BL14', 'JN01', 2019, '0', '0', '0', '0.0000', '0.0000'),
('DIY03', 'BL15', 'JN01', 2019, '0', '948.8', '0', '0.0000', '0.0000'),
('DIY03', 'BL16', 'JN01', 2019, '0', '472', '0', '0.0000', '0.0000'),
('DIY03', 'BL17', 'JN01', 2019, '0', '1691.4', '0', '0.0000', '0.0000'),
('DIY03', 'BL01', 'JN01', 2020, '0', '0', '0', '0.0000', '0.0000'),
('DIY03', 'BL02', 'JN01', 2020, '0', '0', '0', '0.0000', '0.0000'),
('DIY03', 'BL03', 'JN01', 2020, '0', '0', '0', '0.0000', '0.0000'),
('DIY03', 'BL04', 'JN01', 2020, '0', '0', '0', '0.0000', '0.0000'),
('DIY03', 'BL05', 'JN01', 2020, '0', '0', '0', '0.0000', '0.0000'),
('DIY03', 'BL06', 'JN01', 2020, '0', '0', '0', '0.0000', '0.0000'),
('DIY03', 'BL07', 'JN01', 2020, '0', '0', '0', '0.0000', '0.0000'),
('DIY03', 'BL08', 'JN01', 2020, '0', '0', '0', '0.0000', '0.0000'),
('DIY03', 'BL09', 'JN01', 2020, '0', '0', '0', '0.0000', '0.0000'),
('DIY03', 'BL10', 'JN01', 2020, '0', '0', '0', '0.0000', '0.0000'),
('DIY03', 'BL11', 'JN01', 2020, '0', '0', '0', '0.0000', '0.0000'),
('DIY03', 'BL12', 'JN01', 2020, '0', '0', '0', '0.0000', '0.0000'),
('DIY03', 'BL13', 'JN01', 2020, '0', '0', '0', '0.0000', '0.0000'),
('DIY03', 'BL14', 'JN01', 2020, '0', '0', '0', '0.0000', '0.0000'),
('DIY03', 'BL15', 'JN01', 2020, '0', '0', '0', '0.0000', '0.0000'),
('DIY03', 'BL16', 'JN01', 2020, '0', '0', '0', '0.0000', '0.0000'),
('DIY03', 'BL17', 'JN01', 2020, '0', '0', '0', '0.0000', '0.0000'),
('DIY01', 'YK01', 'JN01', 2019, '0', '0', '0', '0.0000', '0.0000'),
('DIY01', 'YK02', 'JN01', 2019, '0', '0', '0', '0.0000', '0.0000'),
('DIY01', 'YK03', 'JN01', 2019, '0', '0', '0', '0.0000', '0.0000'),
('DIY01', 'YK04', 'JN01', 2019, '0', '0', '0', '0.0000', '0.0000'),
('DIY01', 'YK05', 'JN01', 2019, '0', '15', '101.55', '0.0000', '0.0000'),
('DIY01', 'YK06', 'JN01', 2019, '0', '0', '0', '0.0000', '0.0000'),
('DIY01', 'YK07', 'JN01', 2019, '0', '0', '0', '0.0000', '0.0000'),
('DIY01', 'YK08', 'JN01', 2019, '0', '0', '0', '0.0000', '0.0000'),
('DIY01', 'YK09', 'JN01', 2019, '0', '0', '0', '0.0000', '0.0000'),
('DIY01', 'YK10', 'JN01', 2019, '0', '0', '0', '0.0000', '0.0000'),
('DIY01', 'YK11', 'JN01', 2019, '0', '0', '0', '0.0000', '0.0000'),
('DIY01', 'YK12', 'JN01', 2019, '0', '0', '0', '0.0000', '0.0000'),
('DIY01', 'YK13', 'JN01', 2019, '0', '0', '0', '0.0000', '0.0000'),
('DIY01', 'YK14', 'JN01', 2019, '0', '0', '0', '0.0000', '0.0000'),
('DIY01', 'YK01', 'JN01', 2020, '0', '1', '0', '0.0000', '0.0000'),
('DIY01', 'YK02', 'JN01', 2020, '0', '0', '0', '0.0000', '0.0000'),
('DIY01', 'YK03', 'JN01', 2020, '0', '4', '0', '0.0000', '0.0000'),
('DIY01', 'YK04', 'JN01', 2020, '0', '32', '0', '0.0000', '0.0000'),
('DIY01', 'YK05', 'JN01', 2020, '0', '5', '0', '0.0000', '0.0000'),
('DIY01', 'YK06', 'JN01', 2020, '0', '0', '0', '0.0000', '0.0000'),
('DIY01', 'YK07', 'JN01', 2020, '0', '0', '0', '0.0000', '0.0000'),
('DIY01', 'YK08', 'JN01', 2020, '0', '0', '0', '0.0000', '0.0000'),
('DIY01', 'YK09', 'JN01', 2020, '0', '0', '0', '0.0000', '0.0000'),
('DIY01', 'YK10', 'JN01', 2020, '0', '0', '0', '0.0000', '0.0000'),
('DIY01', 'YK11', 'JN01', 2020, '0', '0', '0', '0.0000', '0.0000'),
('DIY01', 'YK12', 'JN01', 2020, '0', '0', '0', '0.0000', '0.0000'),
('DIY01', 'YK13', 'JN01', 2020, '0', '0', '0', '0.0000', '0.0000'),
('DIY01', 'YK14', 'JN01', 2020, '0', '10', '0', '0.0000', '0.0000'),
('DIY03', 'BL01', 'JN04', 2020, '0.00', '0.00', '0.00', '0.0000', '0.0000'),
('DIY03', 'BL02', 'JN04', 2020, '0.00', '166.00', '1848.60', '0.0000', '0.0000'),
('DIY03', 'BL03', 'JN04', 2020, '0.00', '482.00', '5180.60', '0.0000', '0.0000'),
('DIY03', 'BL04', 'JN04', 2020, '0.00', '5.00', '4.10', '0.0000', '0.0000'),
('DIY03', 'BL05', 'JN04', 2020, '0.00', '0.00', '0.00', '0.0000', '0.0000'),
('DIY03', 'BL06', 'JN04', 2020, '0.00', '1.00', '0.20', '0.0000', '0.0000'),
('DIY03', 'BL07', 'JN04', 2020, '0.00', '0.00', '0.00', '0.0000', '0.0000'),
('DIY03', 'BL08', 'JN04', 2020, '0.00', '0.00', '0.00', '0.0000', '0.0000'),
('DIY03', 'BL09', 'JN04', 2020, '0.00', '341.00', '2502.00', '0.0000', '0.0000'),
('DIY03', 'BL10', 'JN04', 2020, '0.00', '1.00', '1.00', '0.0000', '0.0000'),
('DIY03', 'BL11', 'JN04', 2020, '0.00', '2.00', '21.20', '0.0000', '0.0000'),
('DIY03', 'BL12', 'JN04', 2020, '0.00', '0.00', '0.00', '0.0000', '0.0000'),
('DIY03', 'BL13', 'JN04', 2020, '0.00', '0.00', '0.00', '0.0000', '0.0000'),
('DIY03', 'BL14', 'JN04', 2020, '0.00', '0.00', '0.00', '0.0000', '0.0000'),
('DIY03', 'BL15', 'JN04', 2020, '0.00', '0.00', '0.00', '0.0000', '0.0000'),
('DIY03', 'BL16', 'JN04', 2020, '0.00', '0.00', '0.00', '0.0000', '0.0000'),
('DIY03', 'BL17', 'JN04', 2020, '0.00', '0.00', '0.00', '0.0000', '0.0000'),
('DIY03', 'BL01', 'JN06', 2020, '0.00', '1', '0.8', '0.0000', '0.0000'),
('DIY03', 'BL02', 'JN06', 2020, '0.00', '38', '51.8', '0.0000', '0.0000'),
('DIY03', 'BL03', 'JN06', 2020, '0.00', '515', '6230.1', '0.0000', '0.0000'),
('DIY03', 'BL04', 'JN06', 2020, '0.00', '2', '1.6', '0.0000', '0.0000'),
('DIY03', 'BL05', 'JN06', 2020, '0.00', '16', '112', '0.0000', '0.0000'),
('DIY03', 'BL06', 'JN06', 2020, '0.00', '5', '1.2', '0.0000', '0.0000'),
('DIY03', 'BL07', 'JN06', 2020, '0.00', '1', '20.2', '0.0000', '0.0000'),
('DIY03', 'BL08', 'JN06', 2020, '0.00', '0', '0', '0.0000', '0.0000'),
('DIY03', 'BL09', 'JN06', 2020, '0.00', '2', '30.4', '0.0000', '0.0000'),
('DIY03', 'BL10', 'JN06', 2020, '0.00', '0', '0', '0.0000', '0.0000'),
('DIY03', 'BL11', 'JN06', 2020, '0.00', '3', '4.1', '0.0000', '0.0000'),
('DIY03', 'BL12', 'JN06', 2020, '0.00', '3', '1.9', '0.0000', '0.0000'),
('DIY03', 'BL13', 'JN06', 2020, '0.00', '0', '0', '0.0000', '0.0000'),
('DIY03', 'BL14', 'JN06', 2020, '0.00', '1', '6.2', '0.0000', '0.0000'),
('DIY03', 'BL15', 'JN06', 2020, '0.00', '0', '0', '0.0000', '0.0000'),
('DIY03', 'BL16', 'JN06', 2020, '0.00', '0', '0', '0.0000', '0.0000'),
('DIY03', 'BL17', 'JN06', 2020, '0.00', '0', '0', '0.0000', '0.0000'),
('DIY03', 'BL01', 'JN07', 2020, '', '', '', '0.0000', '0.0000'),
('DIY03', 'BL02', 'JN07', 2020, '', '9', '22.5', '0.0000', '0.0000'),
('DIY03', 'BL03', 'JN07', 2020, '', '', '', '0.0000', '0.0000'),
('DIY03', 'BL04', 'JN07', 2020, '', '6', '10.3', '0.0000', '0.0000'),
('DIY03', 'BL05', 'JN07', 2020, '', '14', '44.8', '0.0000', '0.0000'),
('DIY03', 'BL06', 'JN07', 2020, '', '4', '1.3', '0.0000', '0.0000'),
('DIY03', 'BL07', 'JN07', 2020, '', '', '', '0.0000', '0.0000'),
('DIY03', 'BL08', 'JN07', 2020, '', '', '', '0.0000', '0.0000'),
('DIY03', 'BL09', 'JN07', 2020, '', '331', '2415', '0.0000', '0.0000'),
('DIY03', 'BL10', 'JN07', 2020, '', '1', '7.9', '0.0000', '0.0000'),
('DIY03', 'BL11', 'JN07', 2020, '', '2', '1.8', '0.0000', '0.0000'),
('DIY03', 'BL12', 'JN07', 2020, '', '5', '4.9', '0.0000', '0.0000'),
('DIY03', 'BL13', 'JN07', 2020, '', '', '', '0.0000', '0.0000'),
('DIY03', 'BL14', 'JN07', 2020, '', '', '', '0.0000', '0.0000'),
('DIY03', 'BL15', 'JN07', 2020, '', '', '', '0.0000', '0.0000'),
('DIY03', 'BL16', 'JN07', 2020, '', '1', '1', '0.0000', '0.0000'),
('DIY03', 'BL17', 'JN07', 2020, '', '1', '2.9', '0.0000', '0.0000'),
('DIY03', 'BL01', 'JN08', 2020, '', '', '', '0.0000', '0.0000'),
('DIY03', 'BL02', 'JN08', 2020, '', '', '', '0.0000', '0.0000'),
('DIY03', 'BL03', 'JN08', 2020, '', '', '', '0.0000', '0.0000'),
('DIY03', 'BL04', 'JN08', 2020, '', '', '', '0.0000', '0.0000'),
('DIY03', 'BL05', 'JN08', 2020, '', '', '', '0.0000', '0.0000'),
('DIY03', 'BL06', 'JN08', 2020, '', '', '', '0.0000', '0.0000'),
('DIY03', 'BL07', 'JN08', 2020, '', '', '', '0.0000', '0.0000'),
('DIY03', 'BL08', 'JN08', 2020, '', '', '', '0.0000', '0.0000'),
('DIY03', 'BL09', 'JN08', 2020, '', '', '', '0.0000', '0.0000'),
('DIY03', 'BL10', 'JN08', 2020, '', '', '', '0.0000', '0.0000'),
('DIY03', 'BL11', 'JN08', 2020, '', '', '', '0.0000', '0.0000'),
('DIY03', 'BL12', 'JN08', 2020, '', '', '', '0.0000', '0.0000'),
('DIY03', 'BL13', 'JN08', 2020, '', '', '', '0.0000', '0.0000'),
('DIY03', 'BL14', 'JN08', 2020, '', '', '', '0.0000', '0.0000'),
('DIY03', 'BL15', 'JN08', 2020, '', '', '', '0.0000', '0.0000'),
('DIY03', 'BL16', 'JN08', 2020, '', '', '', '0.0000', '0.0000'),
('DIY03', 'BL17', 'JN08', 2020, '', '', '', '0.0000', '0.0000'),
('DIY03', 'BL01', 'JN03', 2020, '', '', '', '0.0000', '0.0000'),
('DIY03', 'BL02', 'JN03', 2020, '', '', '', '0.0000', '0.0000'),
('DIY03', 'BL03', 'JN03', 2020, '', '', '', '0.0000', '0.0000'),
('DIY03', 'BL04', 'JN03', 2020, '', '', '', '0.0000', '0.0000'),
('DIY03', 'BL05', 'JN03', 2020, '', '', '', '0.0000', '0.0000'),
('DIY03', 'BL06', 'JN03', 2020, '', '', '', '0.0000', '0.0000'),
('DIY03', 'BL07', 'JN03', 2020, '', '', '', '0.0000', '0.0000'),
('DIY03', 'BL08', 'JN03', 2020, '', '', '', '0.0000', '0.0000'),
('DIY03', 'BL09', 'JN03', 2020, '', '', '', '0.0000', '0.0000'),
('DIY03', 'BL10', 'JN03', 2020, '', '', '', '0.0000', '0.0000'),
('DIY03', 'BL11', 'JN03', 2020, '', '', '', '0.0000', '0.0000'),
('DIY03', 'BL12', 'JN03', 2020, '', '', '', '0.0000', '0.0000'),
('DIY03', 'BL13', 'JN03', 2020, '', '', '', '0.0000', '0.0000'),
('DIY03', 'BL14', 'JN03', 2020, '', '', '', '0.0000', '0.0000'),
('DIY03', 'BL15', 'JN03', 2020, '', '', '', '0.0000', '0.0000'),
('DIY03', 'BL16', 'JN03', 2020, '', '', '', '0.0000', '0.0000'),
('DIY03', 'BL17', 'JN03', 2020, '', '', '', '0.0000', '0.0000'),
('DIY03', 'BL01', 'JN02', 2020, '', '', '', '0.0000', '0.0000'),
('DIY03', 'BL02', 'JN02', 2020, '', '', '', '0.0000', '0.0000'),
('DIY03', 'BL03', 'JN02', 2020, '', '', '', '0.0000', '0.0000'),
('DIY03', 'BL04', 'JN02', 2020, '', '', '', '0.0000', '0.0000'),
('DIY03', 'BL05', 'JN02', 2020, '', '', '', '0.0000', '0.0000'),
('DIY03', 'BL06', 'JN02', 2020, '', '', '', '0.0000', '0.0000'),
('DIY03', 'BL07', 'JN02', 2020, '', '', '', '0.0000', '0.0000'),
('DIY03', 'BL08', 'JN02', 2020, '', '', '', '0.0000', '0.0000'),
('DIY03', 'BL09', 'JN02', 2020, '', '', '', '0.0000', '0.0000'),
('DIY03', 'BL10', 'JN02', 2020, '', '', '', '0.0000', '0.0000'),
('DIY03', 'BL11', 'JN02', 2020, '', '', '', '0.0000', '0.0000'),
('DIY03', 'BL12', 'JN02', 2020, '', '', '', '0.0000', '0.0000'),
('DIY03', 'BL13', 'JN02', 2020, '', '', '', '0.0000', '0.0000'),
('DIY03', 'BL14', 'JN02', 2020, '', '', '', '0.0000', '0.0000'),
('DIY03', 'BL15', 'JN02', 2020, '', '', '', '0.0000', '0.0000'),
('DIY03', 'BL16', 'JN02', 2020, '', '', '', '0.0000', '0.0000'),
('DIY03', 'BL17', 'JN02', 2020, '', '', '', '0.0000', '0.0000'),
('DIY03', 'BL01', 'JN04', 2019, '', '', '', '0.0000', '0.0000'),
('DIY03', 'BL02', 'JN04', 2019, '', '200', '716.2', '0.0000', '0.0000'),
('DIY03', 'BL03', 'JN04', 2019, '', '370', '3946.5', '0.0000', '0.0000'),
('DIY03', 'BL04', 'JN04', 2019, '', '10', '106.2', '0.0000', '0.0000'),
('DIY03', 'BL05', 'JN04', 2019, '', '', '', '0.0000', '0.0000'),
('DIY03', 'BL06', 'JN04', 2019, '', '', '', '0.0000', '0.0000'),
('DIY03', 'BL07', 'JN04', 2019, '', '', '', '0.0000', '0.0000'),
('DIY03', 'BL08', 'JN04', 2019, '', '', '', '0.0000', '0.0000'),
('DIY03', 'BL09', 'JN04', 2019, '', '309', '4240', '0.0000', '0.0000'),
('DIY03', 'BL10', 'JN04', 2019, '', '3', '21.6', '0.0000', '0.0000'),
('DIY03', 'BL11', 'JN04', 2019, '', '1', '12.5', '0.0000', '0.0000'),
('DIY03', 'BL12', 'JN04', 2019, '', '', '', '0.0000', '0.0000'),
('DIY03', 'BL13', 'JN04', 2019, '', '1', '0.2', '0.0000', '0.0000'),
('DIY03', 'BL14', 'JN04', 2019, '', '', '', '0.0000', '0.0000'),
('DIY03', 'BL15', 'JN04', 2019, '', '', '', '0.0000', '0.0000'),
('DIY03', 'BL16', 'JN04', 2019, '', '', '', '0.0000', '0.0000'),
('DIY03', 'BL17', 'JN04', 2019, '', '', '', '0.0000', '0.0000'),
('DIY03', 'BL01', 'JN02', 2019, '', '117', '', '0.0000', '0.0000'),
('DIY03', 'BL02', 'JN02', 2019, '', '', '', '0.0000', '0.0000'),
('DIY03', 'BL03', 'JN02', 2019, '', '283', '', '0.0000', '0.0000'),
('DIY03', 'BL04', 'JN02', 2019, '', '', '', '0.0000', '0.0000'),
('DIY03', 'BL05', 'JN02', 2019, '', '', '', '0.0000', '0.0000'),
('DIY03', 'BL06', 'JN02', 2019, '', '271', '', '0.0000', '0.0000'),
('DIY03', 'BL07', 'JN02', 2019, '', '170', '', '0.0000', '0.0000'),
('DIY03', 'BL08', 'JN02', 2019, '', '71', '', '0.0000', '0.0000'),
('DIY03', 'BL09', 'JN02', 2019, '', '', '', '0.0000', '0.0000'),
('DIY03', 'BL10', 'JN02', 2019, '', '782', '', '0.0000', '0.0000'),
('DIY03', 'BL11', 'JN02', 2019, '', '129', '', '0.0000', '0.0000'),
('DIY03', 'BL12', 'JN02', 2019, '', '', '', '0.0000', '0.0000'),
('DIY03', 'BL13', 'JN02', 2019, '', '', '', '0.0000', '0.0000'),
('DIY03', 'BL14', 'JN02', 2019, '', '', '', '0.0000', '0.0000'),
('DIY03', 'BL15', 'JN02', 2019, '', '101', '', '0.0000', '0.0000'),
('DIY03', 'BL16', 'JN02', 2019, '', '510', '', '0.0000', '0.0000'),
('DIY03', 'BL17', 'JN02', 2019, '', '110', '', '0.0000', '0.0000'),
('DIY03', 'BL01', 'JN03', 2019, '', '', '', '0.0000', '0.0000'),
('DIY03', 'BL02', 'JN03', 2019, '', '', '', '0.0000', '0.0000'),
('DIY03', 'BL03', 'JN03', 2019, '', '', '', '0.0000', '0.0000'),
('DIY03', 'BL04', 'JN03', 2019, '', '', '', '0.0000', '0.0000'),
('DIY03', 'BL05', 'JN03', 2019, '', '', '', '0.0000', '0.0000'),
('DIY03', 'BL06', 'JN03', 2019, '', '', '', '0.0000', '0.0000'),
('DIY03', 'BL07', 'JN03', 2019, '', '', '', '0.0000', '0.0000'),
('DIY03', 'BL08', 'JN03', 2019, '', '', '', '0.0000', '0.0000'),
('DIY03', 'BL09', 'JN03', 2019, '', '', '', '0.0000', '0.0000'),
('DIY03', 'BL10', 'JN03', 2019, '', '643', '', '0.0000', '0.0000'),
('DIY03', 'BL11', 'JN03', 2019, '', '', '', '0.0000', '0.0000'),
('DIY03', 'BL12', 'JN03', 2019, '', '', '', '0.0000', '0.0000'),
('DIY03', 'BL13', 'JN03', 2019, '', '', '', '0.0000', '0.0000'),
('DIY03', 'BL14', 'JN03', 2019, '', '', '', '0.0000', '0.0000'),
('DIY03', 'BL15', 'JN03', 2019, '', '', '', '0.0000', '0.0000'),
('DIY03', 'BL16', 'JN03', 2019, '', '', '', '0.0000', '0.0000'),
('DIY03', 'BL17', 'JN03', 2019, '', '', '', '0.0000', '0.0000'),
('DIY03', 'BL01', 'JN06', 2019, '', '1', '4', '0.0000', '0.0000'),
('DIY03', 'BL02', 'JN06', 2019, '', '19', '126', '0.0000', '0.0000'),
('DIY03', 'BL03', 'JN06', 2019, '', '457', '1306.2', '0.0000', '0.0000'),
('DIY03', 'BL04', 'JN06', 2019, '', '7', '42', '0.0000', '0.0000'),
('DIY03', 'BL05', 'JN06', 2019, '', '18', '42.5', '0.0000', '0.0000'),
('DIY03', 'BL06', 'JN06', 2019, '', '1', '4.5', '0.0000', '0.0000'),
('DIY03', 'BL07', 'JN06', 2019, '', '8', '31.5', '0.0000', '0.0000'),
('DIY03', 'BL08', 'JN06', 2019, '', '', '', '0.0000', '0.0000'),
('DIY03', 'BL09', 'JN06', 2019, '', '1', '9', '0.0000', '0.0000'),
('DIY03', 'BL10', 'JN06', 2019, '', '', '', '0.0000', '0.0000'),
('DIY03', 'BL11', 'JN06', 2019, '', '6', '37.1', '0.0000', '0.0000'),
('DIY03', 'BL12', 'JN06', 2019, '', '14', '44', '0.0000', '0.0000'),
('DIY03', 'BL13', 'JN06', 2019, '', '', '', '0.0000', '0.0000'),
('DIY03', 'BL14', 'JN06', 2019, '', '1', '0.2', '0.0000', '0.0000'),
('DIY03', 'BL15', 'JN06', 2019, '', '', '', '0.0000', '0.0000'),
('DIY03', 'BL16', 'JN06', 2019, '', '2', '7', '0.0000', '0.0000'),
('DIY03', 'BL17', 'JN06', 2019, '', '', '', '0.0000', '0.0000'),
('DIY03', 'BL01', 'JN07', 2019, '', '', '', '0.0000', '0.0000'),
('DIY03', 'BL02', 'JN07', 2019, '', '6', '47', '0.0000', '0.0000'),
('DIY03', 'BL03', 'JN07', 2019, '', '1', '2', '0.0000', '0.0000'),
('DIY03', 'BL04', 'JN07', 2019, '', '3', '28', '0.0000', '0.0000'),
('DIY03', 'BL05', 'JN07', 2019, '', '7', '52', '0.0000', '0.0000'),
('DIY03', 'BL06', 'JN07', 2019, '', '14', '86', '0.0000', '0.0000'),
('DIY03', 'BL07', 'JN07', 2019, '', '1', '2', '0.0000', '0.0000'),
('DIY03', 'BL08', 'JN07', 2019, '', '', '', '0.0000', '0.0000'),
('DIY03', 'BL09', 'JN07', 2019, '', '298', '1024.6', '0.0000', '0.0000'),
('DIY03', 'BL10', 'JN07', 2019, '', '', '', '0.0000', '0.0000'),
('DIY03', 'BL11', 'JN07', 2019, '', '2', '10', '0.0000', '0.0000'),
('DIY03', 'BL12', 'JN07', 2019, '', '9', '58', '0.0000', '0.0000'),
('DIY03', 'BL13', 'JN07', 2019, '', '', '', '0.0000', '0.0000'),
('DIY03', 'BL14', 'JN07', 2019, '', '', '', '0.0000', '0.0000'),
('DIY03', 'BL15', 'JN07', 2019, '', '', '', '0.0000', '0.0000'),
('DIY03', 'BL16', 'JN07', 2019, '', '2', '18', '0.0000', '0.0000'),
('DIY03', 'BL17', 'JN07', 2019, '', '2', '17.8', '0.0000', '0.0000'),
('DIY03', 'BL01', 'JN08', 2019, '', '6.87', '4993', '0.0000', '0.0000'),
('DIY03', 'BL02', 'JN08', 2019, '', '2.86', '2694', '0.0000', '0.0000'),
('DIY03', 'BL03', 'JN08', 2019, '', '3.22', '2311', '0.0000', '0.0000'),
('DIY03', 'BL04', 'JN08', 2019, '', '31.91', '30708', '0.0000', '0.0000'),
('DIY03', 'BL05', 'JN08', 2019, '', '153.12', '120106', '0.0000', '0.0000'),
('DIY03', 'BL06', 'JN08', 2019, '', '', '', '0.0000', '0.0000'),
('DIY03', 'BL07', 'JN08', 2019, '', '29.91', '22078', '0.0000', '0.0000'),
('DIY03', 'BL08', 'JN08', 2019, '', '37.37', '23310', '0.0000', '0.0000'),
('DIY03', 'BL09', 'JN08', 2019, '', '106.08', '26530', '0.0000', '0.0000'),
('DIY03', 'BL10', 'JN08', 2019, '', '46.1', '14406', '0.0000', '0.0000'),
('DIY03', 'BL11', 'JN08', 2019, '', '66.29', '38041', '0.0000', '0.0000'),
('DIY03', 'BL12', 'JN08', 2019, '', '89.2', '29528', '0.0000', '0.0000'),
('DIY03', 'BL13', 'JN08', 2019, '', '94.63', '50161', '0.0000', '0.0000'),
('DIY03', 'BL14', 'JN08', 2019, '', '96.3', '58281', '0.0000', '0.0000'),
('DIY03', 'BL15', 'JN08', 2019, '', '106.58', '36320', '0.0000', '0.0000'),
('DIY03', 'BL16', 'JN08', 2019, '', '28.27', '8845', '0.0000', '0.0000'),
('DIY03', 'BL17', 'JN08', 2019, '', '143.96', '56909', '0.0000', '0.0000'),
('DIY01', 'YK01', 'JN04', 2019, '', '', '', '0.0000', '0.0000'),
('DIY01', 'YK02', 'JN04', 2019, '', '', '', '0.0000', '0.0000'),
('DIY01', 'YK03', 'JN04', 2019, '', '', '', '0.0000', '0.0000'),
('DIY01', 'YK04', 'JN04', 2019, '', '', '', '0.0000', '0.0000'),
('DIY01', 'YK05', 'JN04', 2019, '', '', '', '0.0000', '0.0000'),
('DIY01', 'YK06', 'JN04', 2019, '', '', '', '0.0000', '0.0000'),
('DIY01', 'YK07', 'JN04', 2019, '', '', '', '0.0000', '0.0000'),
('DIY01', 'YK08', 'JN04', 2019, '', '', '', '0.0000', '0.0000'),
('DIY01', 'YK09', 'JN04', 2019, '', '', '', '0.0000', '0.0000'),
('DIY01', 'YK10', 'JN04', 2019, '', '', '', '0.0000', '0.0000'),
('DIY01', 'YK11', 'JN04', 2019, '', '', '', '0.0000', '0.0000'),
('DIY01', 'YK12', 'JN04', 2019, '', '', '', '0.0000', '0.0000'),
('DIY01', 'YK13', 'JN04', 2019, '', '', '', '0.0000', '0.0000'),
('DIY01', 'YK14', 'JN04', 2019, '', '', '', '0.0000', '0.0000'),
('DIY01', 'YK01', 'JN02', 2019, '', '', '', '0.0000', '0.0000'),
('DIY01', 'YK02', 'JN02', 2019, '', '', '', '0.0000', '0.0000'),
('DIY01', 'YK03', 'JN02', 2019, '', '', '', '0.0000', '0.0000'),
('DIY01', 'YK04', 'JN02', 2019, '', '', '', '0.0000', '0.0000'),
('DIY01', 'YK05', 'JN02', 2019, '', '', '', '0.0000', '0.0000'),
('DIY01', 'YK06', 'JN02', 2019, '', '', '', '0.0000', '0.0000'),
('DIY01', 'YK07', 'JN02', 2019, '', '', '', '0.0000', '0.0000'),
('DIY01', 'YK08', 'JN02', 2019, '', '', '', '0.0000', '0.0000'),
('DIY01', 'YK09', 'JN02', 2019, '', '', '', '0.0000', '0.0000'),
('DIY01', 'YK10', 'JN02', 2019, '', '', '', '0.0000', '0.0000'),
('DIY01', 'YK11', 'JN02', 2019, '', '', '', '0.0000', '0.0000'),
('DIY01', 'YK12', 'JN02', 2019, '', '', '', '0.0000', '0.0000'),
('DIY01', 'YK13', 'JN02', 2019, '', '', '', '0.0000', '0.0000'),
('DIY01', 'YK14', 'JN02', 2019, '', '', '', '0.0000', '0.0000'),
('DIY01', 'YK01', 'JN08', 2019, '', '', '', '0.0000', '0.0000'),
('DIY01', 'YK02', 'JN08', 2019, '', '', '', '0.0000', '0.0000'),
('DIY01', 'YK03', 'JN08', 2019, '', '', '', '0.0000', '0.0000'),
('DIY01', 'YK04', 'JN08', 2019, '', '', '', '0.0000', '0.0000'),
('DIY01', 'YK05', 'JN08', 2019, '', '', '', '0.0000', '0.0000'),
('DIY01', 'YK06', 'JN08', 2019, '', '', '', '0.0000', '0.0000'),
('DIY01', 'YK07', 'JN08', 2019, '', '', '', '0.0000', '0.0000'),
('DIY01', 'YK08', 'JN08', 2019, '', '', '', '0.0000', '0.0000'),
('DIY01', 'YK09', 'JN08', 2019, '', '', '', '0.0000', '0.0000'),
('DIY01', 'YK10', 'JN08', 2019, '', '', '', '0.0000', '0.0000'),
('DIY01', 'YK11', 'JN08', 2019, '', '', '', '0.0000', '0.0000'),
('DIY01', 'YK12', 'JN08', 2019, '', '', '', '0.0000', '0.0000'),
('DIY01', 'YK13', 'JN08', 2019, '', '', '', '0.0000', '0.0000'),
('DIY01', 'YK14', 'JN08', 2019, '', '', '', '0.0000', '0.0000'),
('DIY01', 'YK01', 'JN03', 2019, '', '', '', '0.0000', '0.0000'),
('DIY01', 'YK02', 'JN03', 2019, '', '', '', '0.0000', '0.0000'),
('DIY01', 'YK03', 'JN03', 2019, '', '', '', '0.0000', '0.0000'),
('DIY01', 'YK04', 'JN03', 2019, '', '', '', '0.0000', '0.0000'),
('DIY01', 'YK05', 'JN03', 2019, '', '', '', '0.0000', '0.0000'),
('DIY01', 'YK06', 'JN03', 2019, '', '', '', '0.0000', '0.0000'),
('DIY01', 'YK07', 'JN03', 2019, '', '', '', '0.0000', '0.0000'),
('DIY01', 'YK08', 'JN03', 2019, '', '', '', '0.0000', '0.0000'),
('DIY01', 'YK09', 'JN03', 2019, '', '', '', '0.0000', '0.0000'),
('DIY01', 'YK10', 'JN03', 2019, '', '', '', '0.0000', '0.0000'),
('DIY01', 'YK11', 'JN03', 2019, '', '', '', '0.0000', '0.0000'),
('DIY01', 'YK12', 'JN03', 2019, '', '', '', '0.0000', '0.0000'),
('DIY01', 'YK13', 'JN03', 2019, '', '', '', '0.0000', '0.0000'),
('DIY01', 'YK14', 'JN03', 2019, '', '', '', '0.0000', '0.0000'),
('DIY01', 'YK01', 'JN06', 2019, '', '', '', '0.0000', '0.0000'),
('DIY01', 'YK02', 'JN06', 2019, '', '', '', '0.0000', '0.0000'),
('DIY01', 'YK03', 'JN06', 2019, '', '', '', '0.0000', '0.0000'),
('DIY01', 'YK04', 'JN06', 2019, '', '', '', '0.0000', '0.0000'),
('DIY01', 'YK05', 'JN06', 2019, '', '', '', '0.0000', '0.0000'),
('DIY01', 'YK06', 'JN06', 2019, '', '', '', '0.0000', '0.0000'),
('DIY01', 'YK07', 'JN06', 2019, '', '', '', '0.0000', '0.0000'),
('DIY01', 'YK08', 'JN06', 2019, '', '', '', '0.0000', '0.0000'),
('DIY01', 'YK09', 'JN06', 2019, '', '', '', '0.0000', '0.0000'),
('DIY01', 'YK10', 'JN06', 2019, '', '', '', '0.0000', '0.0000'),
('DIY01', 'YK11', 'JN06', 2019, '', '', '', '0.0000', '0.0000'),
('DIY01', 'YK12', 'JN06', 2019, '', '', '', '0.0000', '0.0000'),
('DIY01', 'YK13', 'JN06', 2019, '', '', '', '0.0000', '0.0000'),
('DIY01', 'YK14', 'JN06', 2019, '', '', '', '0.0000', '0.0000'),
('DIY01', 'YK01', 'JN07', 2019, '', '', '', '0.0000', '0.0000'),
('DIY01', 'YK02', 'JN07', 2019, '', '', '', '0.0000', '0.0000'),
('DIY01', 'YK03', 'JN07', 2019, '', '', '', '0.0000', '0.0000'),
('DIY01', 'YK04', 'JN07', 2019, '', '', '', '0.0000', '0.0000'),
('DIY01', 'YK05', 'JN07', 2019, '', '', '', '0.0000', '0.0000'),
('DIY01', 'YK06', 'JN07', 2019, '', '', '', '0.0000', '0.0000'),
('DIY01', 'YK07', 'JN07', 2019, '', '', '', '0.0000', '0.0000'),
('DIY01', 'YK08', 'JN07', 2019, '', '', '', '0.0000', '0.0000'),
('DIY01', 'YK09', 'JN07', 2019, '', '', '', '0.0000', '0.0000'),
('DIY01', 'YK10', 'JN07', 2019, '', '', '', '0.0000', '0.0000'),
('DIY01', 'YK11', 'JN07', 2019, '', '', '', '0.0000', '0.0000'),
('DIY01', 'YK12', 'JN07', 2019, '', '', '', '0.0000', '0.0000'),
('DIY01', 'YK13', 'JN07', 2019, '', '', '', '0.0000', '0.0000'),
('DIY01', 'YK14', 'JN07', 2019, '', '', '', '0.0000', '0.0000'),
('DIY01', 'YK01', 'JN04', 2020, '', '', '', '0.0000', '0.0000'),
('DIY01', 'YK02', 'JN04', 2020, '', '', '', '0.0000', '0.0000'),
('DIY01', 'YK03', 'JN04', 2020, '', '', '', '0.0000', '0.0000'),
('DIY01', 'YK04', 'JN04', 2020, '', '', '', '0.0000', '0.0000'),
('DIY01', 'YK05', 'JN04', 2020, '', '', '', '0.0000', '0.0000'),
('DIY01', 'YK06', 'JN04', 2020, '', '', '', '0.0000', '0.0000'),
('DIY01', 'YK07', 'JN04', 2020, '', '', '', '0.0000', '0.0000'),
('DIY01', 'YK08', 'JN04', 2020, '', '', '', '0.0000', '0.0000'),
('DIY01', 'YK09', 'JN04', 2020, '', '', '', '0.0000', '0.0000'),
('DIY01', 'YK10', 'JN04', 2020, '', '', '', '0.0000', '0.0000'),
('DIY01', 'YK11', 'JN04', 2020, '', '', '', '0.0000', '0.0000'),
('DIY01', 'YK12', 'JN04', 2020, '', '', '', '0.0000', '0.0000'),
('DIY01', 'YK13', 'JN04', 2020, '', '', '', '0.0000', '0.0000'),
('DIY01', 'YK14', 'JN04', 2020, '', '', '', '0.0000', '0.0000'),
('DIY01', 'YK01', 'JN02', 2020, '', '', '', '0.0000', '0.0000'),
('DIY01', 'YK02', 'JN02', 2020, '', '', '', '0.0000', '0.0000'),
('DIY01', 'YK03', 'JN02', 2020, '', '', '', '0.0000', '0.0000'),
('DIY01', 'YK04', 'JN02', 2020, '', '', '', '0.0000', '0.0000'),
('DIY01', 'YK05', 'JN02', 2020, '', '', '', '0.0000', '0.0000'),
('DIY01', 'YK06', 'JN02', 2020, '', '', '', '0.0000', '0.0000'),
('DIY01', 'YK07', 'JN02', 2020, '', '', '', '0.0000', '0.0000'),
('DIY01', 'YK08', 'JN02', 2020, '', '', '', '0.0000', '0.0000'),
('DIY01', 'YK09', 'JN02', 2020, '', '', '', '0.0000', '0.0000'),
('DIY01', 'YK10', 'JN02', 2020, '', '', '', '0.0000', '0.0000'),
('DIY01', 'YK11', 'JN02', 2020, '', '', '', '0.0000', '0.0000'),
('DIY01', 'YK12', 'JN02', 2020, '', '', '', '0.0000', '0.0000'),
('DIY01', 'YK13', 'JN02', 2020, '', '', '', '0.0000', '0.0000'),
('DIY01', 'YK14', 'JN02', 2020, '', '', '', '0.0000', '0.0000'),
('DIY01', 'YK01', 'JN08', 2020, '', '', '', '0.0000', '0.0000'),
('DIY01', 'YK02', 'JN08', 2020, '', '', '', '0.0000', '0.0000'),
('DIY01', 'YK03', 'JN08', 2020, '', '', '', '0.0000', '0.0000'),
('DIY01', 'YK04', 'JN08', 2020, '', '', '', '0.0000', '0.0000'),
('DIY01', 'YK05', 'JN08', 2020, '', '', '', '0.0000', '0.0000'),
('DIY01', 'YK06', 'JN08', 2020, '', '', '', '0.0000', '0.0000'),
('DIY01', 'YK07', 'JN08', 2020, '', '', '', '0.0000', '0.0000'),
('DIY01', 'YK08', 'JN08', 2020, '', '', '', '0.0000', '0.0000'),
('DIY01', 'YK09', 'JN08', 2020, '', '', '', '0.0000', '0.0000'),
('DIY01', 'YK10', 'JN08', 2020, '', '', '', '0.0000', '0.0000'),
('DIY01', 'YK11', 'JN08', 2020, '', '', '', '0.0000', '0.0000'),
('DIY01', 'YK12', 'JN08', 2020, '', '', '', '0.0000', '0.0000'),
('DIY01', 'YK13', 'JN08', 2020, '', '', '', '0.0000', '0.0000'),
('DIY01', 'YK14', 'JN08', 2020, '', '', '', '0.0000', '0.0000'),
('DIY01', 'YK01', 'JN03', 2020, '', '', '', '0.0000', '0.0000'),
('DIY01', 'YK02', 'JN03', 2020, '', '', '', '0.0000', '0.0000'),
('DIY01', 'YK03', 'JN03', 2020, '', '', '', '0.0000', '0.0000'),
('DIY01', 'YK04', 'JN03', 2020, '', '', '', '0.0000', '0.0000'),
('DIY01', 'YK05', 'JN03', 2020, '', '', '', '0.0000', '0.0000'),
('DIY01', 'YK06', 'JN03', 2020, '', '', '', '0.0000', '0.0000'),
('DIY01', 'YK07', 'JN03', 2020, '', '', '', '0.0000', '0.0000'),
('DIY01', 'YK08', 'JN03', 2020, '', '', '', '0.0000', '0.0000'),
('DIY01', 'YK09', 'JN03', 2020, '', '', '', '0.0000', '0.0000'),
('DIY01', 'YK10', 'JN03', 2020, '', '', '', '0.0000', '0.0000'),
('DIY01', 'YK11', 'JN03', 2020, '', '', '', '0.0000', '0.0000'),
('DIY01', 'YK12', 'JN03', 2020, '', '', '', '0.0000', '0.0000'),
('DIY01', 'YK13', 'JN03', 2020, '', '', '', '0.0000', '0.0000'),
('DIY01', 'YK14', 'JN03', 2020, '', '', '', '0.0000', '0.0000'),
('DIY01', 'YK01', 'JN06', 2020, '', '', '', '0.0000', '0.0000'),
('DIY01', 'YK02', 'JN06', 2020, '', '', '', '0.0000', '0.0000'),
('DIY01', 'YK03', 'JN06', 2020, '', '', '', '0.0000', '0.0000'),
('DIY01', 'YK04', 'JN06', 2020, '', '', '', '0.0000', '0.0000'),
('DIY01', 'YK05', 'JN06', 2020, '', '', '', '0.0000', '0.0000'),
('DIY01', 'YK06', 'JN06', 2020, '', '', '', '0.0000', '0.0000'),
('DIY01', 'YK07', 'JN06', 2020, '', '', '', '0.0000', '0.0000'),
('DIY01', 'YK08', 'JN06', 2020, '', '', '', '0.0000', '0.0000'),
('DIY01', 'YK09', 'JN06', 2020, '', '', '', '0.0000', '0.0000'),
('DIY01', 'YK10', 'JN06', 2020, '', '', '', '0.0000', '0.0000'),
('DIY01', 'YK11', 'JN06', 2020, '', '', '', '0.0000', '0.0000'),
('DIY01', 'YK12', 'JN06', 2020, '', '', '', '0.0000', '0.0000'),
('DIY01', 'YK13', 'JN06', 2020, '', '', '', '0.0000', '0.0000'),
('DIY01', 'YK14', 'JN06', 2020, '', '', '', '0.0000', '0.0000'),
('DIY01', 'YK01', 'JN07', 2020, '', '', '', '0.0000', '0.0000'),
('DIY01', 'YK02', 'JN07', 2020, '', '', '', '0.0000', '0.0000'),
('DIY01', 'YK03', 'JN07', 2020, '', '', '', '0.0000', '0.0000'),
('DIY01', 'YK04', 'JN07', 2020, '', '', '', '0.0000', '0.0000'),
('DIY01', 'YK05', 'JN07', 2020, '', '', '', '0.0000', '0.0000'),
('DIY01', 'YK06', 'JN07', 2020, '', '', '0.4', '0.0000', '0.0000'),
('DIY01', 'YK07', 'JN07', 2020, '', '', '', '0.0000', '0.0000'),
('DIY01', 'YK08', 'JN07', 2020, '', '', '', '0.0000', '0.0000'),
('DIY01', 'YK09', 'JN07', 2020, '', '', '', '0.0000', '0.0000'),
('DIY01', 'YK10', 'JN07', 2020, '', '', '', '0.0000', '0.0000'),
('DIY01', 'YK11', 'JN07', 2020, '', '', '0.3', '0.0000', '0.0000'),
('DIY01', 'YK12', 'JN07', 2020, '', '', '', '0.0000', '0.0000'),
('DIY01', 'YK13', 'JN07', 2020, '', '', '', '0.0000', '0.0000'),
('DIY01', 'YK14', 'JN07', 2020, '', '', '', '0.0000', '0.0000'),
('DIY04', 'KP01', 'JN04', 2019, '', '24', '231.4', '0.0000', '0.0000'),
('DIY04', 'KP02', 'JN04', 2019, '', '62', '595.9', '0.0000', '0.0000'),
('DIY04', 'KP03', 'JN04', 2019, '', '186', '1791.8', '0.0000', '0.0000'),
('DIY04', 'KP04', 'JN04', 2019, '', '53', '510.3', '0.0000', '0.0000'),
('DIY04', 'KP05', 'JN04', 2019, '', '69', '663.9', '0.0000', '0.0000'),
('DIY04', 'KP06', 'JN04', 2019, '', '275', '2655.1', '0.0000', '0.0000'),
('DIY04', 'KP07', 'JN04', 2019, '', '34', '328.7', '0.0000', '0.0000'),
('DIY04', 'KP08', 'JN04', 2019, '', '5', '48', '0.0000', '0.0000'),
('DIY04', 'KP09', 'JN04', 2019, '', '', '', '0.0000', '0.0000'),
('DIY04', 'KP10', 'JN04', 2019, '', '', '', '0.0000', '0.0000'),
('DIY04', 'KP11', 'JN04', 2019, '', '', '', '0.0000', '0.0000'),
('DIY04', 'KP12', 'JN04', 2019, '', '', '', '0.0000', '0.0000'),
('DIY04', 'KP01', 'JN06', 2019, '', '349', '4089.5', '0.0000', '0.0000'),
('DIY04', 'KP02', 'JN06', 2019, '', '580', '4952.7', '0.0000', '0.0000'),
('DIY04', 'KP03', 'JN06', 2019, '', '842', '9915.1', '0.0000', '0.0000'),
('DIY04', 'KP04', 'JN06', 2019, '', '311', '2993.5', '0.0000', '0.0000'),
('DIY04', 'KP05', 'JN06', 2019, '', '115', '1259.5', '0.0000', '0.0000'),
('DIY04', 'KP06', 'JN06', 2019, '', '22', '263.6', '0.0000', '0.0000'),
('DIY04', 'KP07', 'JN06', 2019, '', '53', '549.9', '0.0000', '0.0000'),
('DIY04', 'KP08', 'JN06', 2019, '', '25', '238.2', '0.0000', '0.0000'),
('DIY04', 'KP09', 'JN06', 2019, '', '6', '65.3', '0.0000', '0.0000'),
('DIY04', 'KP10', 'JN06', 2019, '', '8', '68.5', '0.0000', '0.0000'),
('DIY04', 'KP11', 'JN06', 2019, '', '5', '31.9', '0.0000', '0.0000'),
('DIY04', 'KP12', 'JN06', 2019, '', '8', '66', '0.0000', '0.0000'),
('DIY04', 'KP01', 'JN07', 2019, '', '22', '191.7', '0.0000', '0.0000'),
('DIY04', 'KP02', 'JN07', 2019, '', '11', '114.7', '0.0000', '0.0000'),
('DIY04', 'KP03', 'JN07', 2019, '', '76', '638', '0.0000', '0.0000'),
('DIY04', 'KP04', 'JN07', 2019, '', '25', '127.2', '0.0000', '0.0000'),
('DIY04', 'KP05', 'JN07', 2019, '', '95', '986.3', '0.0000', '0.0000'),
('DIY04', 'KP06', 'JN07', 2019, '', '22', '235.4', '0.0000', '0.0000'),
('DIY04', 'KP07', 'JN07', 2019, '', '17', '116.8', '0.0000', '0.0000'),
('DIY04', 'KP08', 'JN07', 2019, '', '3', '18.6', '0.0000', '0.0000'),
('DIY04', 'KP09', 'JN07', 2019, '', '19', '153.6', '0.0000', '0.0000'),
('DIY04', 'KP10', 'JN07', 2019, '', '7', '56.5', '0.0000', '0.0000'),
('DIY04', 'KP11', 'JN07', 2019, '', '17', '147.6', '0.0000', '0.0000'),
('DIY04', 'KP12', 'JN07', 2019, '', '19', '181.1', '0.0000', '0.0000'),
('DIY04', 'KP01', 'JN03', 2019, '', '11', '', '0.0000', '0.0000'),
('DIY04', 'KP02', 'JN03', 2019, '', '', '', '0.0000', '0.0000'),
('DIY04', 'KP03', 'JN03', 2019, '', '62', '', '0.0000', '0.0000'),
('DIY04', 'KP04', 'JN03', 2019, '', '105', '', '0.0000', '0.0000'),
('DIY04', 'KP05', 'JN03', 2019, '', '105', '', '0.0000', '0.0000'),
('DIY04', 'KP06', 'JN03', 2019, '', '186', '', '0.0000', '0.0000'),
('DIY04', 'KP07', 'JN03', 2019, '', '499', '', '0.0000', '0.0000'),
('DIY04', 'KP08', 'JN03', 2019, '', '263', '', '0.0000', '0.0000'),
('DIY04', 'KP09', 'JN03', 2019, '', '574', '', '0.0000', '0.0000'),
('DIY04', 'KP10', 'JN03', 2019, '', '167', '', '0.0000', '0.0000'),
('DIY04', 'KP11', 'JN03', 2019, '', '25', '', '0.0000', '0.0000'),
('DIY04', 'KP12', 'JN03', 2019, '', '565', '', '0.0000', '0.0000'),
('DIY04', 'KP01', 'JN02', 2019, '', '70', '413', '0.0000', '0.0000'),
('DIY04', 'KP02', 'JN02', 2019, '', '232.4', '1320', '0.0000', '0.0000'),
('DIY04', 'KP03', 'JN02', 2019, '', '493.4', '3005', '0.0000', '0.0000'),
('DIY04', 'KP04', 'JN02', 2019, '', '61.4', '382', '0.0000', '0.0000'),
('DIY04', 'KP05', 'JN02', 2019, '', '531.3', '3191', '0.0000', '0.0000'),
('DIY04', 'KP06', 'JN02', 2019, '', '1575.9', '9139', '0.0000', '0.0000'),
('DIY04', 'KP07', 'JN02', 2019, '', '1115.9', '6528', '0.0000', '0.0000'),
('DIY04', 'KP08', 'JN02', 2019, '', '110.4', '670', '0.0000', '0.0000'),
('DIY04', 'KP09', 'JN02', 2019, '', '189.3', '1173', '0.0000', '0.0000'),
('DIY04', 'KP10', 'JN02', 2019, '', '321.5', '1970', '0.0000', '0.0000'),
('DIY04', 'KP11', 'JN02', 2019, '', '304.2', '1864', '0.0000', '0.0000'),
('DIY04', 'KP12', 'JN02', 2019, '', '73.9', '459', '0.0000', '0.0000'),
('DIY04', 'KP01', 'JN08', 2019, '12.81', '', '19.2', '1.4988', '0.0000'),
('DIY04', 'KP02', 'JN08', 2019, '48.05', '', '198.68', '4.1349', '0.0000'),
('DIY04', 'KP03', 'JN08', 2019, '13.48', '', '48.67', '3.6105', '0.0000'),
('DIY04', 'KP04', 'JN08', 2019, '14.58', '', '78.5', '5.3841', '0.0000'),
('DIY04', 'KP05', 'JN08', 2019, '2.89', '', '6.28', '2.1730', '0.0000'),
('DIY04', 'KP06', 'JN08', 2019, '16.65', '', '37.75', '2.2673', '0.0000'),
('DIY04', 'KP07', 'JN08', 2019, '62.61', '', '174.11', '2.7809', '0.0000'),
('DIY04', 'KP08', 'JN08', 2019, '8.91', '', '51.8', '5.8137', '0.0000'),
('DIY04', 'KP09', 'JN08', 2019, '64.7', '', '289.41', '4.4731', '0.0000'),
('DIY04', 'KP10', 'JN08', 2019, '62.55', '', '272.23', '4.3522', '0.0000'),
('DIY04', 'KP11', 'JN08', 2019, '47.74', '', '193.03', '4.0434', '0.0000'),
('DIY04', 'KP12', 'JN08', 2019, '46.76', '', '207.12', '4.4294', '0.0000'),
('DIY04', 'KP01', 'JN04', 2020, '', '24', '231.4', '0.0000', '0.0000'),
('DIY04', 'KP02', 'JN04', 2020, '', '62', '595.9', '0.0000', '0.0000'),
('DIY04', 'KP03', 'JN04', 2020, '', '186', '1791.8', '0.0000', '0.0000'),
('DIY04', 'KP04', 'JN04', 2020, '', '53', '510.3', '0.0000', '0.0000'),
('DIY04', 'KP05', 'JN04', 2020, '', '69', '663.9', '0.0000', '0.0000'),
('DIY04', 'KP06', 'JN04', 2020, '', '275', '2655.1', '0.0000', '0.0000'),
('DIY04', 'KP07', 'JN04', 2020, '', '34', '328.7', '0.0000', '0.0000'),
('DIY04', 'KP08', 'JN04', 2020, '', '5', '48', '0.0000', '0.0000'),
('DIY04', 'KP09', 'JN04', 2020, '', '', '', '0.0000', '0.0000'),
('DIY04', 'KP10', 'JN04', 2020, '', '', '', '0.0000', '0.0000'),
('DIY04', 'KP11', 'JN04', 2020, '', '', '', '0.0000', '0.0000'),
('DIY04', 'KP12', 'JN04', 2020, '', '', '', '0.0000', '0.0000'),
('DIY04', 'KP01', 'JN06', 2020, '', '349', '4089.5', '0.0000', '0.0000'),
('DIY04', 'KP02', 'JN06', 2020, '', '580', '4952.7', '0.0000', '0.0000'),
('DIY04', 'KP03', 'JN06', 2020, '', '842', '9915.1', '0.0000', '0.0000'),
('DIY04', 'KP04', 'JN06', 2020, '', '311', '2993.5', '0.0000', '0.0000'),
('DIY04', 'KP05', 'JN06', 2020, '', '115', '1259.5', '0.0000', '0.0000'),
('DIY04', 'KP06', 'JN06', 2020, '', '22', '263.6', '0.0000', '0.0000'),
('DIY04', 'KP07', 'JN06', 2020, '', '53', '549.9', '0.0000', '0.0000'),
('DIY04', 'KP08', 'JN06', 2020, '', '25', '238.2', '0.0000', '0.0000'),
('DIY04', 'KP09', 'JN06', 2020, '', '6', '65.3', '0.0000', '0.0000'),
('DIY04', 'KP10', 'JN06', 2020, '', '8', '68.5', '0.0000', '0.0000'),
('DIY04', 'KP11', 'JN06', 2020, '', '5', '31.9', '0.0000', '0.0000'),
('DIY04', 'KP12', 'JN06', 2020, '', '8', '66', '0.0000', '0.0000');
INSERT INTO `t_kmd` (`Id_Wilayah`, `ID`, `Id_Jenis`, `Tahun`, `Luas_Lahan_Tanam`, `Luas_Aktivitas_Tanam`, `Jumlah_Produktivitas`, `Rata_Rata_Produktivitas_Produk`, `Rata_Rata_Produktivitas_Lahan`) VALUES
('DIY04', 'KP01', 'JN07', 2020, '', '22', '191.7', '0.0000', '0.0000'),
('DIY04', 'KP02', 'JN07', 2020, '', '11', '114.7', '0.0000', '0.0000'),
('DIY04', 'KP03', 'JN07', 2020, '', '76', '638', '0.0000', '0.0000'),
('DIY04', 'KP04', 'JN07', 2020, '', '25', '127.2', '0.0000', '0.0000'),
('DIY04', 'KP05', 'JN07', 2020, '', '95', '986.3', '0.0000', '0.0000'),
('DIY04', 'KP06', 'JN07', 2020, '', '22', '235.4', '0.0000', '0.0000'),
('DIY04', 'KP07', 'JN07', 2020, '', '17', '116.8', '0.0000', '0.0000'),
('DIY04', 'KP08', 'JN07', 2020, '', '3', '18.6', '0.0000', '0.0000'),
('DIY04', 'KP09', 'JN07', 2020, '', '19', '153.6', '0.0000', '0.0000'),
('DIY04', 'KP10', 'JN07', 2020, '', '7', '56.5', '0.0000', '0.0000'),
('DIY04', 'KP11', 'JN07', 2020, '', '17', '147.6', '0.0000', '0.0000'),
('DIY04', 'KP12', 'JN07', 2020, '', '19', '181.1', '0.0000', '0.0000'),
('DIY04', 'KP01', 'JN03', 2020, '', '11', '', '0.0000', '0.0000'),
('DIY04', 'KP02', 'JN03', 2020, '', '', '', '0.0000', '0.0000'),
('DIY04', 'KP03', 'JN03', 2020, '', '62', '', '0.0000', '0.0000'),
('DIY04', 'KP04', 'JN03', 2020, '', '105', '', '0.0000', '0.0000'),
('DIY04', 'KP05', 'JN03', 2020, '', '105', '', '0.0000', '0.0000'),
('DIY04', 'KP06', 'JN03', 2020, '', '186', '', '0.0000', '0.0000'),
('DIY04', 'KP07', 'JN03', 2020, '', '499', '', '0.0000', '0.0000'),
('DIY04', 'KP08', 'JN03', 2020, '', '263', '', '0.0000', '0.0000'),
('DIY04', 'KP09', 'JN03', 2020, '', '574', '', '0.0000', '0.0000'),
('DIY04', 'KP10', 'JN03', 2020, '', '167', '', '0.0000', '0.0000'),
('DIY04', 'KP11', 'JN03', 2020, '', '25', '', '0.0000', '0.0000'),
('DIY04', 'KP12', 'JN03', 2020, '', '565', '', '0.0000', '0.0000'),
('DIY04', 'KP01', 'JN02', 2020, '', '70', '', '0.0000', '0.0000'),
('DIY04', 'KP02', 'JN02', 2020, '', '232.4', '', '0.0000', '0.0000'),
('DIY04', 'KP03', 'JN02', 2020, '', '493.4', '', '0.0000', '0.0000'),
('DIY04', 'KP04', 'JN02', 2020, '', '61.4', '', '0.0000', '0.0000'),
('DIY04', 'KP05', 'JN02', 2020, '', '531.3', '', '0.0000', '0.0000'),
('DIY04', 'KP06', 'JN02', 2020, '', '1575.9', '', '0.0000', '0.0000'),
('DIY04', 'KP07', 'JN02', 2020, '', '1115.9', '', '0.0000', '0.0000'),
('DIY04', 'KP08', 'JN02', 2020, '', '110.4', '', '0.0000', '0.0000'),
('DIY04', 'KP09', 'JN02', 2020, '', '189.3', '', '0.0000', '0.0000'),
('DIY04', 'KP10', 'JN02', 2020, '', '321.5', '', '0.0000', '0.0000'),
('DIY04', 'KP11', 'JN02', 2020, '', '304.2', '', '0.0000', '0.0000'),
('DIY04', 'KP12', 'JN02', 2020, '', '73.9', '', '0.0000', '0.0000'),
('DIY04', 'KP01', 'JN08', 2020, '10.81', '', '42.59', '3.9399', '0.0000'),
('DIY04', 'KP02', 'JN08', 2020, '47.98', '', '188.71', '3.9331', '0.0000'),
('DIY04', 'KP03', 'JN08', 2020, '34.44', '', '161.77', '4.6972', '0.0000'),
('DIY04', 'KP04', 'JN08', 2020, '15.66', '', '65.04', '4.1533', '0.0000'),
('DIY04', 'KP05', 'JN08', 2020, '2.89', '', '10.83', '3.7474', '0.0000'),
('DIY04', 'KP06', 'JN08', 2020, '10.63', '', '38.16', '3.5898', '0.0000'),
('DIY04', 'KP07', 'JN08', 2020, '56.29', '', '215.9', '3.8355', '0.0000'),
('DIY04', 'KP08', 'JN08', 2020, '9.09', '', '34.29', '3.7723', '0.0000'),
('DIY04', 'KP09', 'JN08', 2020, '65.27', '', '282.58', '4.3294', '0.0000'),
('DIY04', 'KP10', 'JN08', 2020, '65.27', '', '253.89', '3.8898', '0.0000'),
('DIY04', 'KP11', 'JN08', 2020, '48.17', '', '203.27', '4.2198', '0.0000'),
('DIY04', 'KP12', 'JN08', 2020, '42.6', '', '174.98', '4.1075', '0.0000'),
('DIY05', 'GK01', 'JN04', 2019, '', '4', '', '0.0000', '0.0000'),
('DIY05', 'GK02', 'JN04', 2019, '', '9', '', '0.0000', '0.0000'),
('DIY05', 'GK03', 'JN04', 2019, '', '', '', '0.0000', '0.0000'),
('DIY05', 'GK04', 'JN04', 2019, '', '8', '', '0.0000', '0.0000'),
('DIY05', 'GK05', 'JN04', 2019, '', '', '', '0.0000', '0.0000'),
('DIY05', 'GK06', 'JN04', 2019, '', '2', '', '0.0000', '0.0000'),
('DIY05', 'GK07', 'JN04', 2019, '', '1', '', '0.0000', '0.0000'),
('DIY05', 'GK08', 'JN04', 2019, '', '', '', '0.0000', '0.0000'),
('DIY05', 'GK09', 'JN04', 2019, '', '5', '', '0.0000', '0.0000'),
('DIY05', 'GK10', 'JN04', 2019, '', '2', '', '0.0000', '0.0000'),
('DIY05', 'GK11', 'JN04', 2019, '', '4', '', '0.0000', '0.0000'),
('DIY05', 'GK12', 'JN04', 2019, '', '40', '', '0.0000', '0.0000'),
('DIY05', 'GK13', 'JN04', 2019, '', '15', '', '0.0000', '0.0000'),
('DIY05', 'GK14', 'JN04', 2019, '', '2', '', '0.0000', '0.0000'),
('DIY05', 'GK15', 'JN04', 2019, '', '1', '', '0.0000', '0.0000'),
('DIY05', 'GK16', 'JN04', 2019, '', '4', '', '0.0000', '0.0000'),
('DIY05', 'GK17', 'JN04', 2019, '', '3', '', '0.0000', '0.0000'),
('DIY05', 'GK18', 'JN04', 2019, '', '4', '', '0.0000', '0.0000'),
('DIY05', 'GK01', 'JN06', 2019, '', '1', '', '0.0000', '0.0000'),
('DIY05', 'GK02', 'JN06', 2019, '', '', '', '0.0000', '0.0000'),
('DIY05', 'GK03', 'JN06', 2019, '', '3', '', '0.0000', '0.0000'),
('DIY05', 'GK04', 'JN06', 2019, '', '5', '', '0.0000', '0.0000'),
('DIY05', 'GK05', 'JN06', 2019, '', '', '', '0.0000', '0.0000'),
('DIY05', 'GK06', 'JN06', 2019, '', '3', '', '0.0000', '0.0000'),
('DIY05', 'GK07', 'JN06', 2019, '', '', '', '0.0000', '0.0000'),
('DIY05', 'GK08', 'JN06', 2019, '', '', '', '0.0000', '0.0000'),
('DIY05', 'GK09', 'JN06', 2019, '', '8', '', '0.0000', '0.0000'),
('DIY05', 'GK10', 'JN06', 2019, '', '3', '', '0.0000', '0.0000'),
('DIY05', 'GK11', 'JN06', 2019, '', '13', '', '0.0000', '0.0000'),
('DIY05', 'GK12', 'JN06', 2019, '', '50', '', '0.0000', '0.0000'),
('DIY05', 'GK13', 'JN06', 2019, '', '17', '', '0.0000', '0.0000'),
('DIY05', 'GK14', 'JN06', 2019, '', '1', '', '0.0000', '0.0000'),
('DIY05', 'GK15', 'JN06', 2019, '', '', '', '0.0000', '0.0000'),
('DIY05', 'GK16', 'JN06', 2019, '', '4', '', '0.0000', '0.0000'),
('DIY05', 'GK17', 'JN06', 2019, '', '3', '', '0.0000', '0.0000'),
('DIY05', 'GK18', 'JN06', 2019, '', '8', '', '0.0000', '0.0000'),
('DIY05', 'GK01', 'JN07', 2019, '', '10', '', '0.0000', '0.0000'),
('DIY05', 'GK02', 'JN07', 2019, '', '5', '', '0.0000', '0.0000'),
('DIY05', 'GK03', 'JN07', 2019, '', '4', '', '0.0000', '0.0000'),
('DIY05', 'GK04', 'JN07', 2019, '', '17', '', '0.0000', '0.0000'),
('DIY05', 'GK05', 'JN07', 2019, '', '2', '', '0.0000', '0.0000'),
('DIY05', 'GK06', 'JN07', 2019, '', '2', '', '0.0000', '0.0000'),
('DIY05', 'GK07', 'JN07', 2019, '', '1', '', '0.0000', '0.0000'),
('DIY05', 'GK08', 'JN07', 2019, '', '', '', '0.0000', '0.0000'),
('DIY05', 'GK09', 'JN07', 2019, '', '1', '', '0.0000', '0.0000'),
('DIY05', 'GK10', 'JN07', 2019, '', '3', '', '0.0000', '0.0000'),
('DIY05', 'GK11', 'JN07', 2019, '', '5', '', '0.0000', '0.0000'),
('DIY05', 'GK12', 'JN07', 2019, '', '9', '', '0.0000', '0.0000'),
('DIY05', 'GK13', 'JN07', 2019, '', '1', '', '0.0000', '0.0000'),
('DIY05', 'GK14', 'JN07', 2019, '', '1', '', '0.0000', '0.0000'),
('DIY05', 'GK15', 'JN07', 2019, '', '1', '', '0.0000', '0.0000'),
('DIY05', 'GK16', 'JN07', 2019, '', '4', '', '0.0000', '0.0000'),
('DIY05', 'GK17', 'JN07', 2019, '', '4', '', '0.0000', '0.0000'),
('DIY05', 'GK18', 'JN07', 2019, '', '3', '', '0.0000', '0.0000'),
('DIY05', 'GK01', 'JN08', 2019, '0', '', '', '0.0000', '0.0000'),
('DIY05', 'GK02', 'JN08', 2019, '0', '', '', '0.0000', '0.0000'),
('DIY05', 'GK03', 'JN08', 2019, '18', '', '', '0.0000', '0.0000'),
('DIY05', 'GK04', 'JN08', 2019, '0', '', '', '0.0000', '0.0000'),
('DIY05', 'GK05', 'JN08', 2019, '0', '', '', '0.0000', '0.0000'),
('DIY05', 'GK06', 'JN08', 2019, '2', '', '', '0.0000', '0.0000'),
('DIY05', 'GK07', 'JN08', 2019, '0', '', '', '0.0000', '0.0000'),
('DIY05', 'GK08', 'JN08', 2019, '1.5', '', '', '0.0000', '0.0000'),
('DIY05', 'GK09', 'JN08', 2019, '0', '', '', '0.0000', '0.0000'),
('DIY05', 'GK10', 'JN08', 2019, '15', '', '', '0.0000', '0.0000'),
('DIY05', 'GK11', 'JN08', 2019, '0', '', '', '0.0000', '0.0000'),
('DIY05', 'GK12', 'JN08', 2019, '0', '', '', '0.0000', '0.0000'),
('DIY05', 'GK13', 'JN08', 2019, '40', '', '', '0.0000', '0.0000'),
('DIY05', 'GK14', 'JN08', 2019, '0', '', '', '0.0000', '0.0000'),
('DIY05', 'GK15', 'JN08', 2019, '10', '', '', '0.0000', '0.0000'),
('DIY05', 'GK16', 'JN08', 2019, '0', '', '', '0.0000', '0.0000'),
('DIY05', 'GK17', 'JN08', 2019, '0', '', '', '0.0000', '0.0000'),
('DIY05', 'GK18', 'JN08', 2019, '0', '', '', '0.0000', '0.0000'),
('DIY05', 'GK01', 'JN03', 2019, '', '3376', '', '0.0000', '0.0000'),
('DIY05', 'GK02', 'JN03', 2019, '', '1401', '', '0.0000', '0.0000'),
('DIY05', 'GK03', 'JN03', 2019, '', '1935', '', '0.0000', '0.0000'),
('DIY05', 'GK04', 'JN03', 2019, '', '5826', '', '0.0000', '0.0000'),
('DIY05', 'GK05', 'JN03', 2019, '', '2046', '', '0.0000', '0.0000'),
('DIY05', 'GK06', 'JN03', 2019, '', '2300', '', '0.0000', '0.0000'),
('DIY05', 'GK07', 'JN03', 2019, '', '2639', '', '0.0000', '0.0000'),
('DIY05', 'GK08', 'JN03', 2019, '', '2267', '', '0.0000', '0.0000'),
('DIY05', 'GK09', 'JN03', 2019, '', '3488', '', '0.0000', '0.0000'),
('DIY05', 'GK10', 'JN03', 2019, '', '3512', '', '0.0000', '0.0000'),
('DIY05', 'GK11', 'JN03', 2019, '', '2849', '', '0.0000', '0.0000'),
('DIY05', 'GK12', 'JN03', 2019, '', '2267', '', '0.0000', '0.0000'),
('DIY05', 'GK13', 'JN03', 2019, '', '2340', '', '0.0000', '0.0000'),
('DIY05', 'GK14', 'JN03', 2019, '', '2003', '', '0.0000', '0.0000'),
('DIY05', 'GK15', 'JN03', 2019, '', '1977', '', '0.0000', '0.0000'),
('DIY05', 'GK16', 'JN03', 2019, '', '2591', '', '0.0000', '0.0000'),
('DIY05', 'GK17', 'JN03', 2019, '', '417', '', '0.0000', '0.0000'),
('DIY05', 'GK18', 'JN03', 2019, '', '2582', '', '0.0000', '0.0000'),
('DIY05', 'GK01', 'JN02', 2019, '', '3112', '', '0.0000', '0.0000'),
('DIY05', 'GK02', 'JN02', 2019, '', '1200.2', '', '0.0000', '0.0000'),
('DIY05', 'GK03', 'JN02', 2019, '', '2747.8', '', '0.0000', '0.0000'),
('DIY05', 'GK04', 'JN02', 2019, '', '5136', '', '0.0000', '0.0000'),
('DIY05', 'GK05', 'JN02', 2019, '', '3162', '', '0.0000', '0.0000'),
('DIY05', 'GK06', 'JN02', 2019, '', '1965.4', '', '0.0000', '0.0000'),
('DIY05', 'GK07', 'JN02', 2019, '', '2660', '', '0.0000', '0.0000'),
('DIY05', 'GK08', 'JN02', 2019, '', '2642', '', '0.0000', '0.0000'),
('DIY05', 'GK09', 'JN02', 2019, '', '3094.9', '', '0.0000', '0.0000'),
('DIY05', 'GK10', 'JN02', 2019, '', '4788.9', '', '0.0000', '0.0000'),
('DIY05', 'GK11', 'JN02', 2019, '', '3090', '', '0.0000', '0.0000'),
('DIY05', 'GK12', 'JN02', 2019, '', '2902.8', '', '0.0000', '0.0000'),
('DIY05', 'GK13', 'JN02', 2019, '', '2977.1', '', '0.0000', '0.0000'),
('DIY05', 'GK14', 'JN02', 2019, '', '1675.4', '', '0.0000', '0.0000'),
('DIY05', 'GK15', 'JN02', 2019, '', '833', '', '0.0000', '0.0000'),
('DIY05', 'GK16', 'JN02', 2019, '', '4111.1', '', '0.0000', '0.0000'),
('DIY05', 'GK17', 'JN02', 2019, '', '1079', '', '0.0000', '0.0000'),
('DIY05', 'GK18', 'JN02', 2019, '', '3939', '', '0.0000', '0.0000'),
('DIY05', 'GK01', 'JN04', 2020, '', '1', '', '0.0000', '0.0000'),
('DIY05', 'GK02', 'JN04', 2020, '', '13', '', '0.0000', '0.0000'),
('DIY05', 'GK03', 'JN04', 2020, '', '', '', '0.0000', '0.0000'),
('DIY05', 'GK04', 'JN04', 2020, '', '4', '', '0.0000', '0.0000'),
('DIY05', 'GK05', 'JN04', 2020, '', '0', '', '0.0000', '0.0000'),
('DIY05', 'GK06', 'JN04', 2020, '', '1', '', '0.0000', '0.0000'),
('DIY05', 'GK07', 'JN04', 2020, '', '', '', '0.0000', '0.0000'),
('DIY05', 'GK08', 'JN04', 2020, '', '', '', '0.0000', '0.0000'),
('DIY05', 'GK09', 'JN04', 2020, '', '2', '', '0.0000', '0.0000'),
('DIY05', 'GK10', 'JN04', 2020, '', '3', '', '0.0000', '0.0000'),
('DIY05', 'GK11', 'JN04', 2020, '', '7', '', '0.0000', '0.0000'),
('DIY05', 'GK12', 'JN04', 2020, '', '46', '', '0.0000', '0.0000'),
('DIY05', 'GK13', 'JN04', 2020, '', '9', '', '0.0000', '0.0000'),
('DIY05', 'GK14', 'JN04', 2020, '', '1', '', '0.0000', '0.0000'),
('DIY05', 'GK15', 'JN04', 2020, '', '', '', '0.0000', '0.0000'),
('DIY05', 'GK16', 'JN04', 2020, '', '6', '', '0.0000', '0.0000'),
('DIY05', 'GK17', 'JN04', 2020, '', '1', '', '0.0000', '0.0000'),
('DIY05', 'GK18', 'JN04', 2020, '', '4', '', '0.0000', '0.0000'),
('DIY05', 'GK01', 'JN06', 2020, '', '1', '', '0.0000', '0.0000'),
('DIY05', 'GK02', 'JN06', 2020, '', '2', '', '0.0000', '0.0000'),
('DIY05', 'GK03', 'JN06', 2020, '', '0', '', '0.0000', '0.0000'),
('DIY05', 'GK04', 'JN06', 2020, '', '3', '', '0.0000', '0.0000'),
('DIY05', 'GK05', 'JN06', 2020, '', '0', '', '0.0000', '0.0000'),
('DIY05', 'GK06', 'JN06', 2020, '', '1', '', '0.0000', '0.0000'),
('DIY05', 'GK07', 'JN06', 2020, '', '', '', '0.0000', '0.0000'),
('DIY05', 'GK08', 'JN06', 2020, '', '1', '', '0.0000', '0.0000'),
('DIY05', 'GK09', 'JN06', 2020, '', '7', '', '0.0000', '0.0000'),
('DIY05', 'GK10', 'JN06', 2020, '', '5', '', '0.0000', '0.0000'),
('DIY05', 'GK11', 'JN06', 2020, '', '8', '', '0.0000', '0.0000'),
('DIY05', 'GK12', 'JN06', 2020, '', '38', '', '0.0000', '0.0000'),
('DIY05', 'GK13', 'JN06', 2020, '', '10', '', '0.0000', '0.0000'),
('DIY05', 'GK14', 'JN06', 2020, '', '2', '', '0.0000', '0.0000'),
('DIY05', 'GK15', 'JN06', 2020, '', '0', '', '0.0000', '0.0000'),
('DIY05', 'GK16', 'JN06', 2020, '', '11', '', '0.0000', '0.0000'),
('DIY05', 'GK17', 'JN06', 2020, '', '4', '', '0.0000', '0.0000'),
('DIY05', 'GK18', 'JN06', 2020, '', '5', '', '0.0000', '0.0000'),
('DIY05', 'GK01', 'JN07', 2020, '', '33', '', '0.0000', '0.0000'),
('DIY05', 'GK02', 'JN07', 2020, '', '14', '', '0.0000', '0.0000'),
('DIY05', 'GK03', 'JN07', 2020, '', '0', '', '0.0000', '0.0000'),
('DIY05', 'GK04', 'JN07', 2020, '', '5', '', '0.0000', '0.0000'),
('DIY05', 'GK05', 'JN07', 2020, '', '2', '', '0.0000', '0.0000'),
('DIY05', 'GK06', 'JN07', 2020, '', '3', '', '0.0000', '0.0000'),
('DIY05', 'GK07', 'JN07', 2020, '', '1', '', '0.0000', '0.0000'),
('DIY05', 'GK08', 'JN07', 2020, '', '1', '', '0.0000', '0.0000'),
('DIY05', 'GK09', 'JN07', 2020, '', '2', '', '0.0000', '0.0000'),
('DIY05', 'GK10', 'JN07', 2020, '', '3', '', '0.0000', '0.0000'),
('DIY05', 'GK11', 'JN07', 2020, '', '6', '', '0.0000', '0.0000'),
('DIY05', 'GK12', 'JN07', 2020, '', '8', '', '0.0000', '0.0000'),
('DIY05', 'GK13', 'JN07', 2020, '', '7', '', '0.0000', '0.0000'),
('DIY05', 'GK14', 'JN07', 2020, '', '3', '', '0.0000', '0.0000'),
('DIY05', 'GK15', 'JN07', 2020, '', '3', '', '0.0000', '0.0000'),
('DIY05', 'GK16', 'JN07', 2020, '', '10', '', '0.0000', '0.0000'),
('DIY05', 'GK17', 'JN07', 2020, '', '2', '', '0.0000', '0.0000'),
('DIY05', 'GK18', 'JN07', 2020, '', '2', '', '0.0000', '0.0000'),
('DIY05', 'GK01', 'JN08', 2020, ' 1 ', '', '', '0.0000', '0.0000'),
('DIY05', 'GK02', 'JN08', 2020, ' - ', '', '', '0.0000', '0.0000'),
('DIY05', 'GK03', 'JN08', 2020, ' 17 ', '', '', '0.0000', '0.0000'),
('DIY05', 'GK04', 'JN08', 2020, ' - ', '', '', '0.0000', '0.0000'),
('DIY05', 'GK05', 'JN08', 2020, ' 39 ', '', '', '0.0000', '0.0000'),
('DIY05', 'GK06', 'JN08', 2020, ' 2 ', '', '', '0.0000', '0.0000'),
('DIY05', 'GK07', 'JN08', 2020, ' - ', '', '', '0.0000', '0.0000'),
('DIY05', 'GK08', 'JN08', 2020, ' - ', '', '', '0.0000', '0.0000'),
('DIY05', 'GK09', 'JN08', 2020, ' - ', '', '', '0.0000', '0.0000'),
('DIY05', 'GK10', 'JN08', 2020, ' 11 ', '', '', '0.0000', '0.0000'),
('DIY05', 'GK11', 'JN08', 2020, ' - ', '', '', '0.0000', '0.0000'),
('DIY05', 'GK12', 'JN08', 2020, ' - ', '', '', '0.0000', '0.0000'),
('DIY05', 'GK13', 'JN08', 2020, ' 48 ', '', '', '0.0000', '0.0000'),
('DIY05', 'GK14', 'JN08', 2020, ' 28 ', '', '', '0.0000', '0.0000'),
('DIY05', 'GK15', 'JN08', 2020, ' 13 ', '', '', '0.0000', '0.0000'),
('DIY05', 'GK16', 'JN08', 2020, ' 4 ', '', '', '0.0000', '0.0000'),
('DIY05', 'GK17', 'JN08', 2020, ' 11 ', '', '', '0.0000', '0.0000'),
('DIY05', 'GK18', 'JN08', 2020, ' - ', '', '', '0.0000', '0.0000'),
('DIY05', 'GK01', 'JN03', 2020, '', '2996', '', '0.0000', '0.0000'),
('DIY05', 'GK02', 'JN03', 2020, '', '1141', '', '0.0000', '0.0000'),
('DIY05', 'GK03', 'JN03', 2020, '', '1936', '', '0.0000', '0.0000'),
('DIY05', 'GK04', 'JN03', 2020, '', '6132', '', '0.0000', '0.0000'),
('DIY05', 'GK05', 'JN03', 2020, '', '2046', '', '0.0000', '0.0000'),
('DIY05', 'GK06', 'JN03', 2020, '', '2300', '', '0.0000', '0.0000'),
('DIY05', 'GK07', 'JN03', 2020, '', '2629', '', '0.0000', '0.0000'),
('DIY05', 'GK08', 'JN03', 2020, '', '2253', '', '0.0000', '0.0000'),
('DIY05', 'GK09', 'JN03', 2020, '', '3488', '', '0.0000', '0.0000'),
('DIY05', 'GK10', 'JN03', 2020, '', '3510', '', '0.0000', '0.0000'),
('DIY05', 'GK11', 'JN03', 2020, '', '2805', '', '0.0000', '0.0000'),
('DIY05', 'GK12', 'JN03', 2020, '', '2035', '', '0.0000', '0.0000'),
('DIY05', 'GK13', 'JN03', 2020, '', '2340', '', '0.0000', '0.0000'),
('DIY05', 'GK14', 'JN03', 2020, '', '1940', '', '0.0000', '0.0000'),
('DIY05', 'GK15', 'JN03', 2020, '', '865', '', '0.0000', '0.0000'),
('DIY05', 'GK16', 'JN03', 2020, '', '2591', '', '0.0000', '0.0000'),
('DIY05', 'GK17', 'JN03', 2020, '', '417', '', '0.0000', '0.0000'),
('DIY05', 'GK18', 'JN03', 2020, '', '2431', '', '0.0000', '0.0000'),
('DIY05', 'GK01', 'JN02', 2020, '', '3113.9', '', '0.0000', '0.0000'),
('DIY05', 'GK02', 'JN02', 2020, '', '1058.6', '', '0.0000', '0.0000'),
('DIY05', 'GK03', 'JN02', 2020, '', '3048', '', '0.0000', '0.0000'),
('DIY05', 'GK04', 'JN02', 2020, '', '5921', '', '0.0000', '0.0000'),
('DIY05', 'GK05', 'JN02', 2020, '', '3162', '', '0.0000', '0.0000'),
('DIY05', 'GK06', 'JN02', 2020, '', '1975', '', '0.0000', '0.0000'),
('DIY05', 'GK07', 'JN02', 2020, '', '2652', '', '0.0000', '0.0000'),
('DIY05', 'GK08', 'JN02', 2020, '', '2463', '', '0.0000', '0.0000'),
('DIY05', 'GK09', 'JN02', 2020, '', '3602.8', '', '0.0000', '0.0000'),
('DIY05', 'GK10', 'JN02', 2020, '', '5067', '', '0.0000', '0.0000'),
('DIY05', 'GK11', 'JN02', 2020, '', '3073.9', '', '0.0000', '0.0000'),
('DIY05', 'GK12', 'JN02', 2020, '', '3297', '', '0.0000', '0.0000'),
('DIY05', 'GK13', 'JN02', 2020, '', '2827', '', '0.0000', '0.0000'),
('DIY05', 'GK14', 'JN02', 2020, '', '1704.3', '', '0.0000', '0.0000'),
('DIY05', 'GK15', 'JN02', 2020, '', '531.7', '', '0.0000', '0.0000'),
('DIY05', 'GK16', 'JN02', 2020, '', '3963.7', '', '0.0000', '0.0000'),
('DIY05', 'GK17', 'JN02', 2020, '', '1327.1', '', '0.0000', '0.0000'),
('DIY05', 'GK18', 'JN02', 2020, '', '4158', '', '0.0000', '0.0000'),
('DIY02', 'SL01', 'JN04', 2019, '', '2', '11.6', '0.0000', '0.0000'),
('DIY02', 'SL02', 'JN04', 2019, '', '', '', '0.0000', '0.0000'),
('DIY02', 'SL03', 'JN04', 2019, '', '2', '14.4', '0.0000', '0.0000'),
('DIY02', 'SL04', 'JN04', 2019, '', '4.4', '328', '0.0000', '0.0000'),
('DIY02', 'SL05', 'JN04', 2019, '', '', '', '0.0000', '0.0000'),
('DIY02', 'SL06', 'JN04', 2019, '', '1', '11.4', '0.0000', '0.0000'),
('DIY02', 'SL07', 'JN04', 2019, '', '', '', '0.0000', '0.0000'),
('DIY02', 'SL08', 'JN04', 2019, '', '', '', '0.0000', '0.0000'),
('DIY02', 'SL09', 'JN04', 2019, '', '1', '6', '0.0000', '0.0000'),
('DIY02', 'SL10', 'JN04', 2019, '', '13', '132', '0.0000', '0.0000'),
('DIY02', 'SL11', 'JN04', 2019, '', '4', '56', '0.0000', '0.0000'),
('DIY02', 'SL12', 'JN04', 2019, '', '', '', '0.0000', '0.0000'),
('DIY02', 'SL13', 'JN04', 2019, '', '2', '13.8', '0.0000', '0.0000'),
('DIY02', 'SL14', 'JN04', 2019, '', '1', '5.5', '0.0000', '0.0000'),
('DIY02', 'SL15', 'JN04', 2019, '', '', '', '0.0000', '0.0000'),
('DIY02', 'SL16', 'JN04', 2019, '', '', '', '0.0000', '0.0000'),
('DIY02', 'SL17', 'JN04', 2019, '', '', '', '0.0000', '0.0000'),
('DIY02', 'SL01', 'JN06', 2019, '', '', '', '0.0000', '0.0000'),
('DIY02', 'SL02', 'JN06', 2019, '', '', '', '0.0000', '0.0000'),
('DIY02', 'SL03', 'JN06', 2019, '', '16', '70.8', '0.0000', '0.0000'),
('DIY02', 'SL04', 'JN06', 2019, '', '3.7', '954', '0.0000', '0.0000'),
('DIY02', 'SL05', 'JN06', 2019, '', '15.3', '492.41', '0.0000', '0.0000'),
('DIY02', 'SL06', 'JN06', 2019, '', '93.9', '386.868', '0.0000', '0.0000'),
('DIY02', 'SL07', 'JN06', 2019, '', '28.85', '77.721', '0.0000', '0.0000'),
('DIY02', 'SL08', 'JN06', 2019, '', '17', '326', '0.0000', '0.0000'),
('DIY02', 'SL09', 'JN06', 2019, '', '78', '351', '0.0000', '0.0000'),
('DIY02', 'SL10', 'JN06', 2019, '', '', '854.925', '0.0000', '0.0000'),
('DIY02', 'SL11', 'JN06', 2019, '', '53', '7846', '0.0000', '0.0000'),
('DIY02', 'SL12', 'JN06', 2019, '', '', '', '0.0000', '0.0000'),
('DIY02', 'SL13', 'JN06', 2019, '', '43.8', '273.75', '0.0000', '0.0000'),
('DIY02', 'SL14', 'JN06', 2019, '', '', '338.6', '0.0000', '0.0000'),
('DIY02', 'SL15', 'JN06', 2019, '', '', '', '0.0000', '0.0000'),
('DIY02', 'SL16', 'JN06', 2019, '', '', '', '0.0000', '0.0000'),
('DIY02', 'SL17', 'JN06', 2019, '', '210', '477.3', '0.0000', '0.0000'),
('DIY02', 'SL01', 'JN07', 2019, '', '', '', '0.0000', '0.0000'),
('DIY02', 'SL02', 'JN07', 2019, '', '', '', '0.0000', '0.0000'),
('DIY02', 'SL03', 'JN07', 2019, '', '', '', '0.0000', '0.0000'),
('DIY02', 'SL04', 'JN07', 2019, '', '6.1', '1579', '0.0000', '0.0000'),
('DIY02', 'SL05', 'JN07', 2019, '', '', '', '0.0000', '0.0000'),
('DIY02', 'SL06', 'JN07', 2019, '', '', '', '0.0000', '0.0000'),
('DIY02', 'SL07', 'JN07', 2019, '', '', '', '0.0000', '0.0000'),
('DIY02', 'SL08', 'JN07', 2019, '', '', '', '0.0000', '0.0000'),
('DIY02', 'SL09', 'JN07', 2019, '', '48', '1920', '0.0000', '0.0000'),
('DIY02', 'SL10', 'JN07', 2019, '', '', '810', '0.0000', '0.0000'),
('DIY02', 'SL11', 'JN07', 2019, '', '123', '1503.8', '0.0000', '0.0000'),
('DIY02', 'SL12', 'JN07', 2019, '', '', '', '0.0000', '0.0000'),
('DIY02', 'SL13', 'JN07', 2019, '', '', '', '0.0000', '0.0000'),
('DIY02', 'SL14', 'JN07', 2019, '', '', '', '0.0000', '0.0000'),
('DIY02', 'SL15', 'JN07', 2019, '', '', '', '0.0000', '0.0000'),
('DIY02', 'SL16', 'JN07', 2019, '', '', '', '0.0000', '0.0000'),
('DIY02', 'SL17', 'JN07', 2019, '', '11.96', '83.142', '0.0000', '0.0000'),
('DIY02', 'SL01', 'JN08', 2019, '96.6', '', ' 80,680.04 ', '835.2000', '0.0000'),
('DIY02', 'SL02', 'JN08', 2019, '96.5', '', ' 15,372.50 ', '159.3000', '0.0000'),
('DIY02', 'SL03', 'JN08', 2019, '55.72', '', ' 6,662.65 ', '119.5700', '0.0000'),
('DIY02', 'SL04', 'JN08', 2019, '132.3', '', ' 12,178.37 ', '92.0500', '0.0000'),
('DIY02', 'SL05', 'JN08', 2019, '15.8', '', ' 2,477.00 ', '156.7700', '0.0000'),
('DIY02', 'SL06', 'JN08', 2019, '14.05', '', ' 2,135.13 ', '151.9700', '0.0000'),
('DIY02', 'SL07', 'JN08', 2019, '36.08', '', ' 3,292.60 ', '91.2600', '0.0000'),
('DIY02', 'SL08', 'JN08', 2019, '17.5', '', ' 2,175.25 ', '124.3000', '0.0000'),
('DIY02', 'SL09', 'JN08', 2019, '141.96', '', ' 27,103.70 ', '190.9200', '0.0000'),
('DIY02', 'SL10', 'JN08', 2019, '120.98', '', ' 25,486.35 ', '210.6700', '0.0000'),
('DIY02', 'SL11', 'JN08', 2019, '71.54', '', ' 13,346.05 ', '186.5500', '0.0000'),
('DIY02', 'SL12', 'JN08', 2019, '57.9', '', ' 5,239.25 ', '90.4900', '0.0000'),
('DIY02', 'SL13', 'JN08', 2019, '8.15', '', ' 1,333.25 ', '163.5900', '0.0000'),
('DIY02', 'SL14', 'JN08', 2019, '1.5', '', ' 217.50 ', '145.0000', '0.0000'),
('DIY02', 'SL15', 'JN08', 2019, '3.65', '', ' 537.00 ', '147.1200', '0.0000'),
('DIY02', 'SL16', 'JN08', 2019, '14.95', '', ' 1,474.25 ', '98.6100', '0.0000'),
('DIY02', 'SL17', 'JN08', 2019, '40.74', '', ' 5,597.55 ', '137.4000', '0.0000'),
('DIY02', 'SL01', 'JN03', 2019, '', '5', '17.243', '0.0000', '0.0000'),
('DIY02', 'SL02', 'JN03', 2019, '', '', '', '0.0000', '0.0000'),
('DIY02', 'SL03', 'JN03', 2019, '', '2', '32.55', '0.0000', '0.0000'),
('DIY02', 'SL04', 'JN03', 2019, '', '5', '82.9', '0.0000', '0.0000'),
('DIY02', 'SL05', 'JN03', 2019, '', '', '', '0.0000', '0.0000'),
('DIY02', 'SL06', 'JN03', 2019, '', '2', '33.15', '0.0000', '0.0000'),
('DIY02', 'SL07', 'JN03', 2019, '', '12', '201', '0.0000', '0.0000'),
('DIY02', 'SL08', 'JN03', 2019, '', '', '', '0.0000', '0.0000'),
('DIY02', 'SL09', 'JN03', 2019, '', '', '', '0.0000', '0.0000'),
('DIY02', 'SL10', 'JN03', 2019, '4', '2', '33.7', '8.4250', '0.5000'),
('DIY02', 'SL11', 'JN03', 2019, '', '33', '55.7', '0.0000', '0.0000'),
('DIY02', 'SL12', 'JN03', 2019, '8', '8', '13.48', '1.6850', '1.0000'),
('DIY02', 'SL13', 'JN03', 2019, '', '4', '6.7', '0.0000', '0.0000'),
('DIY02', 'SL14', 'JN03', 2019, '', '1', '16.78', '0.0000', '0.0000'),
('DIY02', 'SL15', 'JN03', 2019, '', '14', '236.25', '0.0000', '0.0000'),
('DIY02', 'SL16', 'JN03', 2019, '30', '30', '505.5', '16.8500', '1.0000'),
('DIY02', 'SL17', 'JN03', 2019, '', '48', '80.5', '0.0000', '0.0000'),
('DIY02', 'SL01', 'JN02', 2019, '', '', '', '0.0000', '0.0000'),
('DIY02', 'SL02', 'JN02', 2019, '', '', '', '0.0000', '0.0000'),
('DIY02', 'SL03', 'JN02', 2019, '', '174', ' 1,235.00 ', '0.0000', '0.0000'),
('DIY02', 'SL04', 'JN02', 2019, '', '23', ' 165.10 ', '0.0000', '0.0000'),
('DIY02', 'SL05', 'JN02', 2019, '', '23', ' 167.20 ', '0.0000', '0.0000'),
('DIY02', 'SL06', 'JN02', 2019, '', '108', ' 776.62 ', '0.0000', '0.0000'),
('DIY02', 'SL07', 'JN02', 2019, '', '19.2', ' 139.08 ', '0.0000', '0.0000'),
('DIY02', 'SL08', 'JN02', 2019, '', '430', ' 3,144.00 ', '0.0000', '0.0000'),
('DIY02', 'SL09', 'JN02', 2019, '', '752', ' 548.10 ', '0.0000', '0.0000'),
('DIY02', 'SL10', 'JN02', 2019, '266.97', '264.77', ' 1,919.01 ', '7.1881', '0.9918'),
('DIY02', 'SL11', 'JN02', 2019, '', '646', ' 469.10 ', '0.0000', '0.0000'),
('DIY02', 'SL12', 'JN02', 2019, '5119.9', '518.9', ' 376.38 ', '0.0735', '9.8668'),
('DIY02', 'SL13', 'JN02', 2019, '625', '623', ' 452.70 ', '0.7243', '1.0032'),
('DIY02', 'SL14', 'JN02', 2019, '', '543.98', ' 3,955.79 ', '0.0000', '0.0000'),
('DIY02', 'SL15', 'JN02', 2019, '', '49', ' 344.27 ', '0.0000', '0.0000'),
('DIY02', 'SL16', 'JN02', 2019, '137', '17', ' 972.70 ', '7.1000', '8.0588'),
('DIY02', 'SL17', 'JN02', 2019, '', '40', ' 287.00 ', '0.0000', '0.0000'),
('DIY02', 'SL01', 'JN04', 2020, '', '1', '3.6', '0.0000', '0.0000'),
('DIY02', 'SL02', 'JN04', 2020, '', '', '', '0.0000', '0.0000'),
('DIY02', 'SL03', 'JN04', 2020, '', '1', '6', '0.0000', '0.0000'),
('DIY02', 'SL04', 'JN04', 2020, '', '2', '10', '0.0000', '0.0000'),
('DIY02', 'SL05', 'JN04', 2020, '', '', '', '0.0000', '0.0000'),
('DIY02', 'SL06', 'JN04', 2020, '', '1', '6', '0.0000', '0.0000'),
('DIY02', 'SL07', 'JN04', 2020, '', '', '', '0.0000', '0.0000'),
('DIY02', 'SL08', 'JN04', 2020, '', '', '', '0.0000', '0.0000'),
('DIY02', 'SL09', 'JN04', 2020, '', '2', '12', '0.0000', '0.0000'),
('DIY02', 'SL10', 'JN04', 2020, '', '19', '162.9', '0.0000', '0.0000'),
('DIY02', 'SL11', 'JN04', 2020, '', '4', '28', '0.0000', '0.0000'),
('DIY02', 'SL12', 'JN04', 2020, '', '', '', '0.0000', '0.0000'),
('DIY02', 'SL13', 'JN04', 2020, '', '4', '21.5', '0.0000', '0.0000'),
('DIY02', 'SL14', 'JN04', 2020, '', '', '', '0.0000', '0.0000'),
('DIY02', 'SL15', 'JN04', 2020, '', '', '', '0.0000', '0.0000'),
('DIY02', 'SL16', 'JN04', 2020, '', '', '', '0.0000', '0.0000'),
('DIY02', 'SL17', 'JN04', 2020, '', '', '', '0.0000', '0.0000'),
('DIY02', 'SL01', 'JN06', 2020, '', '', '', '0.0000', '0.0000'),
('DIY02', 'SL02', 'JN06', 2020, '', '', '', '0.0000', '0.0000'),
('DIY02', 'SL03', 'JN06', 2020, '', '51.08', '291.156', '0.0000', '0.0000'),
('DIY02', 'SL04', 'JN06', 2020, '', '', '', '0.0000', '0.0000'),
('DIY02', 'SL05', 'JN06', 2020, '', '3', '104', '0.0000', '0.0000'),
('DIY02', 'SL06', 'JN06', 2020, '', '91', '3086', '0.0000', '0.0000'),
('DIY02', 'SL07', 'JN06', 2020, '', '', '', '0.0000', '0.0000'),
('DIY02', 'SL08', 'JN06', 2020, '', '', '', '0.0000', '0.0000'),
('DIY02', 'SL09', 'JN06', 2020, '', '', '', '0.0000', '0.0000'),
('DIY02', 'SL10', 'JN06', 2020, '', '', '', '0.0000', '0.0000'),
('DIY02', 'SL11', 'JN06', 2020, '', '', '', '0.0000', '0.0000'),
('DIY02', 'SL12', 'JN06', 2020, '', '', '', '0.0000', '0.0000'),
('DIY02', 'SL13', 'JN06', 2020, '', '', '31250', '0.0000', '0.0000'),
('DIY02', 'SL14', 'JN06', 2020, '', '', '517.4', '0.0000', '0.0000'),
('DIY02', 'SL15', 'JN06', 2020, '', '', '', '0.0000', '0.0000'),
('DIY02', 'SL16', 'JN06', 2020, '', '', '', '0.0000', '0.0000'),
('DIY02', 'SL17', 'JN06', 2020, '', '', '', '0.0000', '0.0000'),
('DIY02', 'SL01', 'JN07', 2020, '', '', '', '0.0000', '0.0000'),
('DIY02', 'SL02', 'JN07', 2020, '', '', '', '0.0000', '0.0000'),
('DIY02', 'SL03', 'JN07', 2020, '', '', '', '0.0000', '0.0000'),
('DIY02', 'SL04', 'JN07', 2020, '', '', '', '0.0000', '0.0000'),
('DIY02', 'SL05', 'JN07', 2020, '', '', '', '0.0000', '0.0000'),
('DIY02', 'SL06', 'JN07', 2020, '', '', '', '0.0000', '0.0000'),
('DIY02', 'SL07', 'JN07', 2020, '', '', '', '0.0000', '0.0000'),
('DIY02', 'SL08', 'JN07', 2020, '', '', '', '0.0000', '0.0000'),
('DIY02', 'SL09', 'JN07', 2020, '', '', '', '0.0000', '0.0000'),
('DIY02', 'SL10', 'JN07', 2020, '', '', '', '0.0000', '0.0000'),
('DIY02', 'SL11', 'JN07', 2020, '', '', '', '0.0000', '0.0000'),
('DIY02', 'SL12', 'JN07', 2020, '', '', '', '0.0000', '0.0000'),
('DIY02', 'SL13', 'JN07', 2020, '', '', '', '0.0000', '0.0000'),
('DIY02', 'SL14', 'JN07', 2020, '', '', '', '0.0000', '0.0000'),
('DIY02', 'SL15', 'JN07', 2020, '', '', '', '0.0000', '0.0000'),
('DIY02', 'SL16', 'JN07', 2020, '', '', '', '0.0000', '0.0000'),
('DIY02', 'SL17', 'JN07', 2020, '', '', '', '0.0000', '0.0000'),
('DIY02', 'SL01', 'JN08', 2020, '98.16', '', ' 58,067.53 ', '591.5600', '0.0000'),
('DIY02', 'SL02', 'JN08', 2020, '96.5', '', ' 57,085.54 ', '591.5600', '0.0000'),
('DIY02', 'SL03', 'JN08', 2020, '55.72', '', ' 33,296.04 ', '597.5600', '0.0000'),
('DIY02', 'SL04', 'JN08', 2020, '100.3', '', ' 73,597.11 ', '733.7700', '0.0000'),
('DIY02', 'SL05', 'JN08', 2020, '31.8', '', ' 5,042.21 ', '158.5600', '0.0000'),
('DIY02', 'SL06', 'JN08', 2020, '13.9', '', ' 2,203.98 ', '158.5600', '0.0000'),
('DIY02', 'SL07', 'JN08', 2020, '36.08', '', ' 5,720.84 ', '158.5600', '0.0000'),
('DIY02', 'SL08', 'JN08', 2020, '35', '', ' 5,549.60 ', '158.5600', '0.0000'),
('DIY02', 'SL09', 'JN08', 2020, '141.96', '', ' 22,509.18 ', '158.5600', '0.0000'),
('DIY02', 'SL10', 'JN08', 2020, '150.96', '', ' 24,473.23 ', '162.1200', '0.0000'),
('DIY02', 'SL11', 'JN08', 2020, '100.08', '', ' 16,114.54 ', '161.0200', '0.0000'),
('DIY02', 'SL12', 'JN08', 2020, '116.1', '', ' 16,288.92 ', '140.3000', '0.0000'),
('DIY02', 'SL13', 'JN08', 2020, '16.3', '', ' 2,584.53 ', '158.5600', '0.0000'),
('DIY02', 'SL14', 'JN08', 2020, '3', '', ' 466.68 ', '155.5600', '0.0000'),
('DIY02', 'SL15', 'JN08', 2020, '3.9', '', ' 618.38 ', '158.5600', '0.0000'),
('DIY02', 'SL16', 'JN08', 2020, '25.9', '', ' 15,347.30 ', '592.5600', '0.0000'),
('DIY02', 'SL17', 'JN08', 2020, '63.48', '', ' 10,149.50 ', '159.8900', '0.0000'),
('DIY02', 'SL01', 'JN03', 2020, '', '', '', '0.0000', '0.0000'),
('DIY02', 'SL02', 'JN03', 2020, '', '', '', '0.0000', '0.0000'),
('DIY02', 'SL03', 'JN03', 2020, '', '', '', '0.0000', '0.0000'),
('DIY02', 'SL04', 'JN03', 2020, '', '', '', '0.0000', '0.0000'),
('DIY02', 'SL05', 'JN03', 2020, '', '', '', '0.0000', '0.0000'),
('DIY02', 'SL06', 'JN03', 2020, '', '', '', '0.0000', '0.0000'),
('DIY02', 'SL07', 'JN03', 2020, '', '', '', '0.0000', '0.0000'),
('DIY02', 'SL08', 'JN03', 2020, '', '', '', '0.0000', '0.0000'),
('DIY02', 'SL09', 'JN03', 2020, '', '', '', '0.0000', '0.0000'),
('DIY02', 'SL10', 'JN03', 2020, '', '', '', '0.0000', '0.0000'),
('DIY02', 'SL11', 'JN03', 2020, '', '49', '692.97', '0.0000', '0.0000'),
('DIY02', 'SL12', 'JN03', 2020, '4', '4', '16.85', '4.2125', '1.0000'),
('DIY02', 'SL13', 'JN03', 2020, '5', '5', '10.1', '2.0200', '1.0000'),
('DIY02', 'SL14', 'JN03', 2020, '', '', '', '0.0000', '0.0000'),
('DIY02', 'SL15', 'JN03', 2020, '', '', '', '0.0000', '0.0000'),
('DIY02', 'SL16', 'JN03', 2020, '', '', '', '0.0000', '0.0000'),
('DIY02', 'SL17', 'JN03', 2020, '', '39', '65.6', '0.0000', '0.0000'),
('DIY02', 'SL01', 'JN02', 2020, '', '', '', '0.0000', '0.0000'),
('DIY02', 'SL02', 'JN02', 2020, '', '', '', '0.0000', '0.0000'),
('DIY02', 'SL03', 'JN02', 2020, '', '242', ' 1,716.90 ', '0.0000', '0.0000'),
('DIY02', 'SL04', 'JN02', 2020, '', '', '', '0.0000', '0.0000'),
('DIY02', 'SL05', 'JN02', 2020, '', '4', ' 28.00 ', '0.0000', '0.0000'),
('DIY02', 'SL06', 'JN02', 2020, '', '206', ' 13,270.00 ', '0.0000', '0.0000'),
('DIY02', 'SL07', 'JN02', 2020, '', '', '', '0.0000', '0.0000'),
('DIY02', 'SL08', 'JN02', 2020, '', '', '', '0.0000', '0.0000'),
('DIY02', 'SL09', 'JN02', 2020, '', '', '', '0.0000', '0.0000'),
('DIY02', 'SL10', 'JN02', 2020, '', '', '', '0.0000', '0.0000'),
('DIY02', 'SL11', 'JN02', 2020, '', '60', ' 485.20 ', '0.0000', '0.0000'),
('DIY02', 'SL12', 'JN02', 2020, '504.8', '492.6', ' 7.25 ', '0.0100', '0.9758'),
('DIY02', 'SL13', 'JN02', 2020, '679', '679', ' 468.60 ', '0.6900', '1.0000'),
('DIY02', 'SL14', 'JN02', 2020, '', '466', ' 3,381.00 ', '0.0000', '0.0000'),
('DIY02', 'SL15', 'JN02', 2020, '', '', '', '0.0000', '0.0000'),
('DIY02', 'SL16', 'JN02', 2020, '', '', '', '0.0000', '0.0000'),
('DIY02', 'SL17', 'JN02', 2020, '', '40', ' 287.00 ', '0.0000', '0.0000');

-- --------------------------------------------------------

--
-- Struktur dari tabel `t_komoditas`
--

CREATE TABLE `t_komoditas` (
  `idKomuditas` varchar(6) NOT NULL,
  `Komuditas` varchar(100) NOT NULL
) ENGINE=InnoDB DEFAULT CHARSET=latin1;

--
-- Dumping data untuk tabel `t_komoditas`
--

INSERT INTO `t_komoditas` (`idKomuditas`, `Komuditas`) VALUES
('KMD01', 'Tanaman Pangan'),
('KMD02', 'Hultikultura'),
('KMD03', 'Peternakan');

-- --------------------------------------------------------

--
-- Struktur dari tabel `t_wilayah`
--

CREATE TABLE `t_wilayah` (
  `Id_Wilayah` varchar(5) CHARACTER SET latin1 NOT NULL,
  `Kab_Kota` varchar(12) DEFAULT NULL
) ENGINE=InnoDB DEFAULT CHARSET=utf8;

--
-- Dumping data untuk tabel `t_wilayah`
--

INSERT INTO `t_wilayah` (`Id_Wilayah`, `Kab_Kota`) VALUES
('DIY01', 'Yogyakarta'),
('DIY02', 'Sleman'),
('DIY03', 'Bantul'),
('DIY04', 'Kulon Progo'),
('DIY05', 'Gunung Kidul'),
('JT001', 'Magelang'),
('JT002', 'Klaten'),
('JT003', 'Purworejo');

-- --------------------------------------------------------

--
-- Struktur dari tabel `user`
--

CREATE TABLE `user` (
  `id` int(11) NOT NULL,
  `nama` varchar(100) NOT NULL,
  `username` varchar(100) NOT NULL,
  `password` varchar(100) NOT NULL
) ENGINE=InnoDB DEFAULT CHARSET=latin1;

--
-- Dumping data untuk tabel `user`
--

INSERT INTO `user` (`id`, `nama`, `username`, `password`) VALUES
(1, 'admin', '001', 'admin001');

--
-- Indexes for dumped tables
--

--
-- Indexes for table `t_distribusi`
--
ALTER TABLE `t_distribusi`
  ADD KEY `fkid99` (`ID`);

--
-- Indexes for table `t_jenis`
--
ALTER TABLE `t_jenis`
  ADD PRIMARY KEY (`Id_Jenis`);

--
-- Indexes for table `t_kecamatan`
--
ALTER TABLE `t_kecamatan`
  ADD PRIMARY KEY (`ID`);

--
-- Indexes for table `t_kmd`
--
ALTER TABLE `t_kmd`
  ADD KEY `fkwil` (`Id_Wilayah`),
  ADD KEY `fkkec` (`ID`),
  ADD KEY `Id_Jenis` (`Id_Jenis`);

--
-- Indexes for table `t_komoditas`
--
ALTER TABLE `t_komoditas`
  ADD PRIMARY KEY (`idKomuditas`);

--
-- Indexes for table `t_wilayah`
--
ALTER TABLE `t_wilayah`
  ADD PRIMARY KEY (`Id_Wilayah`);

--
-- Indexes for table `user`
--
ALTER TABLE `user`
  ADD PRIMARY KEY (`id`);

--
-- AUTO_INCREMENT for dumped tables
--

--
-- AUTO_INCREMENT for table `user`
--
ALTER TABLE `user`
  MODIFY `id` int(11) NOT NULL AUTO_INCREMENT, AUTO_INCREMENT=2;
--
-- Ketidakleluasaan untuk tabel pelimpahan (Dumped Tables)
--

--
-- Ketidakleluasaan untuk tabel `t_distribusi`
--
ALTER TABLE `t_distribusi`
  ADD CONSTRAINT `fkid99` FOREIGN KEY (`ID`) REFERENCES `t_kecamatan` (`ID`);

--
-- Ketidakleluasaan untuk tabel `t_kmd`
--
ALTER TABLE `t_kmd`
  ADD CONSTRAINT `fkkec` FOREIGN KEY (`ID`) REFERENCES `t_kecamatan` (`ID`),
  ADD CONSTRAINT `fkwil` FOREIGN KEY (`Id_Wilayah`) REFERENCES `t_wilayah` (`Id_Wilayah`),
  ADD CONSTRAINT `t_kmd_ibfk_1` FOREIGN KEY (`Id_Jenis`) REFERENCES `t_jenis` (`Id_Jenis`);
COMMIT;

/*!40101 SET CHARACTER_SET_CLIENT=@OLD_CHARACTER_SET_CLIENT */;
/*!40101 SET CHARACTER_SET_RESULTS=@OLD_CHARACTER_SET_RESULTS */;
/*!40101 SET COLLATION_CONNECTION=@OLD_COLLATION_CONNECTION */;
